No,SiteID,PlantVariety,PlantType,PlantID,Length,Length_sq,Width,Width_sq,Flower
1,E,Horiminori,Pin,E-P01,19.64,385.73,13.64,186.05,242
2,E,Horiminori,Pin,E-P01,6.53,42.64,4.76,22.66,24
3,E,Horiminori,Pin,E-P01,4.94,24.4,2.82,7.95,4
4,E,Horiminori,Pin,E-P01,4.9,24.01,2.24,5.02,5
5,E,Horiminori,Pin,E-P01,5.87,34.46,4.66,21.72,8
6,E,Horiminori,Pin,E-P01,5.27,27.77,3.13,9.8,12
7,E,Horiminori,Pin,E-P01,7.09,50.27,4.3,18.49,11
8,E,Horiminori,Pin,E-P01,11.95,142.8,7.55,57,15
9,E,Horiminori,Pin,E-P01,18.69,349.32,5.44,29.59,67
10,E,Horiminori,Pin,E-P01,16.26,264.39,3.9,15.21,NA
11,E,Horiminori,Pin,E-P01,7.56,57.15,4.62,21.34,NA
12,E,Horiminori,Pin,E-P01,11.72,137.36,5.2,27.04,NA
13,E,Horiminori,Pin,E-P02,16.51,272.58,6.27,39.31,65
14,E,Horiminori,Pin,E-P02,2.79,7.78,6.57,43.16,8
15,E,Horiminori,Pin,E-P02,22.25,495.06,7.62,58.06,78
16,E,Horiminori,Pin,E-P02,21.13,446.48,6.76,45.7,83
17,E,Horiminori,Pin,E-P03,13.31,177.16,18.89,356.83,NA
18,E,Horiminori,Pin,E-P03,15.09,227.71,5.42,29.38,NA
19,E,Horiminori,Pin,E-P03,12.46,155.25,6.68,44.62,NA
20,E,Horiminori,Pin,E-P03,16.45,270.6,6.89,47.47,NA
21,E,Horiminori,Pin,E-P03,11.82,139.71,5.59,31.25,NA
22,E,Horiminori,Pin,E-P03,7.94,63.04,4.97,24.7,NA
23,E,Horiminori,Pin,E-P03,15.71,246.8,5.34,28.52,NA
24,E,Horiminori,Pin,E-P03,7.88,62.09,7.9,62.41,NA
25,E,Horiminori,Pin,E-P03,13.57,184.14,6.51,42.38,76
26,E,Horiminori,Pin,E-P03,13.42,180.1,4.37,19.1,108
27,E,Horiminori,Pin,E-P03,15.49,239.94,5.03,25.3,95
28,E,Horiminori,Pin,E-P03,14.77,218.15,9.89,97.81,213
29,E,Horiminori,Thrum,E-T01,5.25,27.56,5.34,28.52,NA
30,E,Horiminori,Thrum,E-T01,6.39,40.83,4.58,20.98,NA
31,E,Horiminori,Thrum,E-T01,5.27,27.77,5.37,28.84,NA
32,E,Horiminori,Thrum,E-T01,21.84,476.99,7,49,NA
33,E,Horiminori,Thrum,E-T01,14.9,222.01,6.35,40.32,NA
34,E,Horiminori,Thrum,E-T01,13.95,194.6,6.6,43.56,NA
35,E,Horiminori,Thrum,E-T01,12.26,150.31,9.68,93.7,NA
36,E,Horiminori,Thrum,E-T01,16.93,286.62,11.34,128.6,NA
37,E,Horiminori,Thrum,E-T01,16.28,265.04,13.42,180.1,NA
38,E,Horiminori,Thrum,E-T01,17.84,318.27,16.6,275.56,360
39,E,Horiminori,Thrum,E-T01,5.76,33.18,5.32,28.3,30
40,E,Horiminori,Thrum,E-T01,NA,NA,NA,NA,195
41,E,Horiminori,Thrum,E-T01,7.05,49.7,6.95,48.3,40
42,E,Horiminori,Thrum,E-T01,7.79,60.68,10.88,118.37,95
43,E,Horiminori,Thrum,E-T02,7.89,62.25,4.3,18.49,9
44,E,Horiminori,Thrum,E-T02,4.27,18.23,8.83,77.97,NA
45,E,Horiminori,Thrum,E-T02,20.32,412.9,7.73,59.75,NA
46,E,Horiminori,Thrum,E-T02,15.41,237.47,7.49,56.1,NA
47,E,Horiminori,Thrum,E-T02,16.27,264.71,7.3,53.29,NA
48,E,Horiminori,Thrum,E-T02,17.25,297.56,7.22,52.13,NA
49,E,Horiminori,Thrum,E-T02,9.78,95.65,4.88,23.81,41
50,E,Horiminori,Thrum,E-T02,14.59,212.87,9.2,84.64,170
51,E,Horiminori,Thrum,E-T02,11.68,136.42,9.89,97.81,112
52,E,Horiminori,Thrum,E-T02,19.91,396.41,17.91,320.77,224
53,E,Horiminori,Thrum,E-T03,6.39,40.83,3.59,12.89,11
54,E,Horiminori,Thrum,E-T03,15.56,242.11,5.46,29.81,NA
55,E,Horiminori,Thrum,E-T03,16.83,283.25,5.54,30.69,NA
56,E,Horiminori,Thrum,E-T03,13.95,194.6,4.35,18.92,NA
57,E,Horiminori,Thrum,E-T03,19.07,363.66,4.38,19.18,NA
58,E,Horiminori,Thrum,E-T03,15.64,244.61,12.45,155,NA
59,E,Horiminori,Thrum,E-T03,4.19,17.56,2.77,7.67,5
60,E,Horiminori,Thrum,E-T03,17.08,291.73,4.82,23.23,54
61,E,Horiminori,Thrum,E-T03,9.96,99.2,4.98,24.8,30
62,E,Horiminori,Thrum,E-T03,18.8,353.44,7.98,63.68,77
63,D,Horiminori,Pin,D-P01,6.85,46.92,3.65,13.32,26
64,D,Horiminori,Pin,D-P01,15.5,240.25,8.95,80.1,NA
65,D,Horiminori,Pin,D-P01,7.91,62.57,2.85,8.12,NA
66,D,Horiminori,Pin,D-P01,6.21,38.56,3.2,10.24,NA
67,D,Horiminori,Pin,D-P01,5.87,34.46,3.7,13.69,NA
68,D,Horiminori,Pin,D-P01,5.1,26.01,2.98,8.88,NA
69,D,Horiminori,Pin,D-P01,1.45,2.1,4.45,19.8,15
70,D,Horiminori,Pin,D-P01,10.48,109.83,2.62,6.86,NA
71,D,Horiminori,Pin,D-P01,7.66,58.68,3.53,12.46,NA
72,D,Horiminori,Pin,D-P01,9.92,98.41,3.1,9.61,40
73,D,Horiminori,Pin,D-P01,7.8,60.84,24.41,595.85,NA
74,D,Horiminori,Pin,D-P01,8.7,75.69,20.4,416.16,273
75,D,Horiminori,Pin,D-P01,9.62,92.54,4.23,17.89,NA
76,D,Horiminori,Pin,D-P01,8.45,71.4,3.31,10.96,NA
77,D,Horiminori,Pin,D-P01,7.52,56.55,3.32,11.02,32
78,D,Horiminori,Pin,D-P02,3.02,9.12,5.83,33.99,NA
79,D,Horiminori,Pin,D-P02,5.36,28.73,2.7,7.29,NA
80,D,Horiminori,Pin,D-P02,5.8,33.64,3.05,9.3,NA
81,D,Horiminori,Pin,D-P02,6.19,38.32,9.81,96.24,100
82,D,Horiminori,Pin,D-P02,11.65,135.72,5.22,27.25,48
83,D,Horiminori,Pin,D-P02,9.06,82.08,4.46,19.89,NA
84,D,Horiminori,Pin,D-P02,13.44,180.63,2.6,6.76,38
85,D,Horiminori,Pin,D-P02,3.17,10.05,3.41,11.63,NA
86,D,Horiminori,Pin,D-P02,11.1,123.21,3.46,11.97,NA
87,D,Horiminori,Pin,D-P02,7.85,61.62,28.2,795.24,276
88,D,Horiminori,Pin,D-P02,7.09,50.27,12.61,159.01,NA
89,D,Horiminori,Pin,D-P02,9.6,92.16,5.01,25.1,NA
90,D,Horiminori,Pin,D-P02,8.12,65.93,11.61,134.79,62
91,D,Horiminori,Pin,D-P02,10.81,116.86,6.79,46.1,83
92,D,Horiminori,Pin,D-P02,4.85,23.52,8.85,78.32,NA
93,D,Horiminori,Pin,D-P02,5.77,33.29,23.28,541.96,NA
94,D,Horiminori,Pin,D-P02,6.28,39.44,12.62,159.26,NA
95,D,Horiminori,Pin,D-P02,10.74,115.35,3.46,11.97,NA
96,D,Horiminori,Pin,D-P02,10.88,118.37,4.55,20.7,NA
97,D,Horiminori,Pin,D-P02,7.31,53.44,4.16,17.31,NA
98,D,Horiminori,Pin,D-P03,13.66,186.6,6.38,40.7,55
99,D,Horiminori,Pin,D-P03,12.37,153.02,2.39,5.71,41
100,D,Horiminori,Pin,D-P03,NA,NA,NA,NA,47
101,D,Horiminori,Pin,D-P03,15.39,236.85,3.98,15.84,55
102,D,Horiminori,Pin,D-P03,4.38,19.18,23.46,550.37,190
103,D,Horiminori,Thrum,D-T01,10.77,115.99,2.7,7.29,NA
104,D,Horiminori,Thrum,D-T01,7.78,60.53,24.32,591.46,NA
105,D,Horiminori,Thrum,D-T01,10.94,119.68,3.96,15.68,NA
106,D,Horiminori,Thrum,D-T01,13.05,170.3,4.13,17.06,NA
107,D,Horiminori,Thrum,D-T01,14.36,206.21,5.65,31.92,NA
108,D,Horiminori,Thrum,D-T01,7.22,52.13,13.04,170.04,NA
109,D,Horiminori,Thrum,D-T01,4.24,17.98,12.07,145.68,NA
110,D,Horiminori,Thrum,D-T01,3.75,14.06,5.38,28.94,10
111,D,Horiminori,Thrum,D-T01,13.23,175.03,6,36,69
112,D,Horiminori,Thrum,D-T01,7.08,50.13,9.21,84.82,58
113,D,Horiminori,Thrum,D-T01,11.36,129.05,5.96,35.52,55
114,D,Horiminori,Thrum,D-T02,8.6,73.96,13.02,169.52,NA
115,D,Horiminori,Thrum,D-T02,13.71,187.96,4.43,19.62,NA
116,D,Horiminori,Thrum,D-T02,13.69,187.42,6.09,37.09,NA
117,D,Horiminori,Thrum,D-T02,8.89,79.03,6.07,36.84,NA
118,D,Horiminori,Thrum,D-T02,5.37,28.84,9.4,88.36,NA
119,D,Horiminori,Thrum,D-T02,16.71,279.22,6.11,37.33,90
120,D,Horiminori,Thrum,D-T02,14.37,206.5,4.77,22.75,83
121,D,Horiminori,Thrum,D-T02,8.17,66.75,21.19,449.02,290
122,D,Horiminori,Thrum,D-T03,4.91,24.11,19.73,389.27,NA
123,D,Horiminori,Thrum,D-T03,2.22,4.93,3.22,10.37,NA
124,D,Horiminori,Thrum,D-T03,16.9,285.61,7.16,51.27,NA
125,D,Horiminori,Thrum,D-T03,4.74,22.47,4.19,17.56,NA
126,D,Horiminori,Thrum,D-T03,15.02,225.6,5.85,34.22,NA
127,D,Horiminori,Thrum,D-T03,5.36,28.73,4.78,22.85,21
128,D,Horiminori,Thrum,D-T03,13.26,175.83,4.31,18.58,41
129,D,Horiminori,Thrum,D-T03,18.27,333.79,3.61,13.03,46
130,F,Kitawase,Pin,F-P01,10.51,110.46,3.24,10.5,NA
131,F,Kitawase,Pin,F-P01,5.4,29.16,5.43,29.48,NA
132,F,Kitawase,Pin,F-P01,5.93,35.16,4.42,19.54,NA
133,F,Kitawase,Pin,F-P01,6.79,46.1,5,25,NA
134,F,Kitawase,Pin,F-P01,6.16,37.95,3.36,11.29,NA
135,F,Kitawase,Pin,F-P01,10.11,102.21,4.39,19.27,NA
136,F,Kitawase,Pin,F-P01,15.06,226.8,9.54,91.01,NA
137,F,Kitawase,Pin,F-P01,15.39,236.85,7.6,57.76,NA
138,F,Kitawase,Pin,F-P01,14.92,222.61,8.47,71.74,NA
139,F,Kitawase,Pin,F-P01,14.96,223.8,9.04,81.72,NA
140,F,Kitawase,Pin,F-P01,19.62,384.94,6.99,48.86,NA
141,F,Kitawase,Pin,F-P01,15.07,227.1,7.6,57.76,NA
142,F,Kitawase,Pin,F-P01,8.15,66.42,5.12,26.21,42
143,F,Kitawase,Pin,F-P01,7.75,60.06,5.3,28.09,43
144,F,Kitawase,Pin,F-P01,9.38,87.98,9.3,86.49,117
145,F,Kitawase,Pin,F-P01,8.64,74.65,8.39,70.39,106
146,F,Kitawase,Pin,F-P01,11.7,136.89,6.03,36.36,74
147,F,Kitawase,Pin,F-P01,14.14,199.94,13.75,189.06,262
148,F,Kitawase,Thrum,F-T01,7.91,62.57,5.25,27.56,NA
149,F,Kitawase,Thrum,F-T01,4.97,24.7,4.43,19.62,NA
150,F,Kitawase,Thrum,F-T01,6.82,46.51,4.14,17.14,NA
151,F,Kitawase,Thrum,F-T01,NA,NA,NA,NA,12
152,F,Kitawase,Thrum,F-T01,11.74,137.83,3.06,9.36,16
153,F,Kitawase,Thrum,F-T01,13.48,181.71,4.48,20.07,NA
154,F,Kitawase,Thrum,F-T01,8.97,80.46,5.37,28.84,NA
155,F,Kitawase,Thrum,F-T01,15.93,253.76,4.7,22.09,NA
156,F,Kitawase,Thrum,F-T01,8.96,80.28,4.24,17.98,NA
157,F,Kitawase,Thrum,F-T01,9.11,82.99,5.27,27.77,NA
158,F,Kitawase,Thrum,F-T01,12.74,162.31,5.58,31.14,NA
159,F,Kitawase,Thrum,F-T01,12.41,154.01,5.37,28.84,NA
160,F,Kitawase,Thrum,F-T01,12.11,146.65,5.59,31.25,NA
161,F,Kitawase,Thrum,F-T01,13.07,170.82,5.56,30.91,NA
162,F,Kitawase,Thrum,F-T01,14.16,200.51,9.17,84.09,NA
163,F,Kitawase,Thrum,F-T01,13.84,191.55,5.05,25.5,NA
164,F,Kitawase,Thrum,F-T01,12.36,152.77,5.94,35.28,NA
165,F,Kitawase,Thrum,F-T01,16.9,285.61,10.96,120.12,NA
166,F,Kitawase,Thrum,F-T01,7.75,60.06,3.98,15.84,23
167,F,Kitawase,Thrum,F-T01,5.07,25.7,3.74,13.99,10
168,F,Kitawase,Thrum,F-T01,9.38,87.98,5.27,27.77,33
169,F,Kitawase,Thrum,F-T01,10.66,113.64,4.41,19.45,48
170,F,Kitawase,Thrum,F-T01,11.13,123.88,6.58,43.3,56
171,F,Kitawase,Thrum,F-T01,NA,NA,NA,NA,36
172,F,Kitawase,Thrum,F-T01,9.43,88.92,7.57,57.3,74
173,F,Kitawase,Thrum,F-T01,11.43,130.64,5.86,34.34,53
174,F,Kitawase,Thrum,F-T01,12.97,168.22,5.48,30.03,63
175,F,Kitawase,Pin,F-P02,16.79,281.9,7.03,49.42,NA
176,F,Kitawase,Pin,F-P02,15.8,249.64,5.52,30.47,NA
177,F,Kitawase,Pin,F-P02,11.54,133.17,6.17,38.07,NA
178,F,Kitawase,Pin,F-P02,17.55,308,9.94,98.8,NA
179,F,Kitawase,Pin,F-P02,14.91,222.31,9.18,84.27,NA
180,F,Kitawase,Pin,F-P02,14.36,206.21,5.47,29.92,NA
181,F,Kitawase,Pin,F-P02,16.26,264.39,8.78,77.09,NA
182,F,Kitawase,Pin,F-P02,12.79,163.58,8.03,64.48,NA
183,F,Kitawase,Pin,F-P02,10.13,102.62,5.22,27.25,NA
184,F,Kitawase,Pin,F-P02,12.32,151.78,4.16,17.31,NA
185,F,Kitawase,Pin,F-P02,10.62,112.78,6.48,41.99,NA
186,F,Kitawase,Pin,F-P02,10.45,109.2,5.12,26.21,NA
187,F,Kitawase,Pin,F-P02,15.14,229.22,8.15,66.42,NA
188,F,Kitawase,Pin,F-P02,9.27,85.93,6.2,38.44,NA
189,F,Kitawase,Pin,F-P02,11.72,137.36,5.83,33.99,NA
190,F,Kitawase,Pin,F-P02,13.25,175.56,5.2,27.04,NA
191,F,Kitawase,Pin,F-P02,12.72,161.8,7.63,58.22,NA
192,F,Kitawase,Pin,F-P02,12.73,162.05,9.27,85.93,NA
193,F,Kitawase,Pin,F-P02,13.15,172.92,6.36,40.45,NA
194,F,Kitawase,Pin,F-P02,13.26,175.83,7.36,54.17,NA
195,F,Kitawase,Pin,F-P02,12.56,157.75,10.69,114.28,NA
196,F,Kitawase,Pin,F-P02,9.68,93.7,5.67,32.15,NA
197,F,Kitawase,Pin,F-P02,15.08,227.41,4.67,21.81,NA
198,F,Kitawase,Pin,F-P02,8.28,68.56,5.05,25.5,NA
199,F,Kitawase,Pin,F-P02,5.42,29.38,6.31,39.82,NA
200,F,Kitawase,Pin,F-P02,20.18,407.23,5.41,29.27,NA
201,F,Kitawase,Pin,F-P02,14.13,199.66,4.95,24.5,NA
202,F,Kitawase,Pin,F-P02,14.09,198.53,4.29,18.4,NA
203,F,Kitawase,Pin,F-P02,11.88,141.13,4.42,19.54,NA
204,F,Kitawase,Pin,F-P02,16.13,260.18,5.24,27.46,NA
205,F,Kitawase,Pin,F-P02,15.21,231.34,5.89,34.69,NA
206,F,Kitawase,Pin,F-P02,18.43,339.66,4.95,24.5,NA
207,F,Kitawase,Pin,F-P02,17.33,300.33,5.47,29.92,NA
208,F,Kitawase,Pin,F-P02,13.9,193.21,5.81,33.76,NA
209,F,Kitawase,Pin,F-P02,14.51,210.54,5.34,28.52,NA
210,F,Kitawase,Pin,F-P02,18.47,341.14,4.61,21.25,NA
211,F,Kitawase,Pin,F-P02,20.35,414.12,6.74,45.43,NA
212,F,Kitawase,Pin,F-P02,21.57,465.26,7.19,51.7,NA
213,F,Kitawase,Pin,F-P02,10.41,108.37,5.12,26.21,NA
214,F,Kitawase,Pin,F-P02,21.82,476.11,5.75,33.06,NA
215,F,Kitawase,Pin,F-P02,13.1,171.61,5.75,33.06,NA
216,F,Kitawase,Pin,F-P02,15.1,228.01,5.01,25.1,NA
217,F,Kitawase,Pin,F-P02,14.99,224.7,5.49,30.14,NA
218,F,Kitawase,Pin,F-P02,12.45,155,4.73,22.37,NA
219,F,Kitawase,Pin,F-P02,17.82,317.55,3.65,13.32,NA
220,F,Kitawase,Pin,F-P02,13.39,179.29,8.75,76.56,NA
221,F,Kitawase,Pin,F-P02,7.27,52.85,1.97,3.88,NA
222,F,Kitawase,Pin,F-P02,6.05,36.6,1.9,3.61,NA
223,F,Kitawase,Pin,F-P02,7.57,57.3,6.84,46.79,NA
224,F,Kitawase,Pin,F-P02,3.43,11.76,3.91,15.29,12
225,F,Kitawase,Pin,F-P02,8.73,76.21,5.83,33.99,48
226,F,Kitawase,Pin,F-P02,15.01,225.3,6.41,41.09,90
227,F,Kitawase,Pin,F-P02,7.19,51.7,4.74,22.47,28
228,F,Kitawase,Pin,F-P02,16.25,264.06,11.18,124.99,207
229,F,Kitawase,Pin,F-P02,14.47,209.38,10.82,117.07,229
230,F,Kitawase,Pin,F-P02,16.23,263.41,8.15,66.42,74
231,F,Kitawase,Pin,F-P02,8.74,76.39,3.53,12.46,38
232,F,Kitawase,Pin,F-P02,16.16,261.15,6.38,40.7,100
233,F,Kitawase,Pin,F-P02,7.03,49.42,6.56,43.03,36
234,F,Kitawase,Pin,F-P02,12.25,150.06,9.45,89.3,112
235,F,Kitawase,Pin,F-P02,19.83,393.23,5.87,34.46,116
236,F,Kitawase,Pin,F-P02,13.55,183.6,5.63,31.7,82
237,F,Kitawase,Pin,F-P02,13.83,191.27,8.99,80.82,100
238,F,Kitawase,Pin,F-P02,12.14,147.38,6.44,41.47,60
239,F,Kitawase,Pin,F-P02,14.47,209.38,8.64,74.65,104
240,F,Kitawase,Pin,F-P02,13.59,184.69,6.3,39.69,72
241,F,Kitawase,Pin,F-P02,15.68,245.86,10.8,116.64,246
242,F,Kitawase,Thrum,F-T02,9.38,87.98,6.34,40.2,91
243,F,Kitawase,Thrum,F-T02,10.55,111.3,10.03,100.6,167
244,F,Kitawase,Thrum,F-T02,14.33,205.35,11.13,123.88,NA
245,F,Kitawase,Thrum,F-T02,13.73,188.51,10.49,110.04,100
246,F,Kitawase,Thrum,F-T02,13.37,178.76,9.51,90.44,185
247,F,Kitawase,Thrum,F-T02,16.16,261.15,10.21,104.24,NA
248,F,Kitawase,Thrum,F-T02,10.54,111.09,10.66,113.64,NA
249,F,Kitawase,Thrum,F-T02,10.28,105.68,9.02,81.36,NA
250,F,Kitawase,Thrum,F-T02,12.58,158.26,8.88,78.85,NA
251,F,Kitawase,Thrum,F-T02,16.56,274.23,13.69,187.42,NA
252,F,Kitawase,Thrum,F-T02,10.8,116.64,9.94,98.8,NA
253,F,Kitawase,Thrum,F-T02,8.89,79.03,8.16,66.59,NA
254,F,Kitawase,Thrum,F-T02,9.89,97.81,5.73,32.83,99
255,F,Kitawase,Thrum,F-T02,6.02,36.24,6.85,46.92,NA
256,F,Kitawase,Thrum,F-T02,11.52,132.71,7.35,54.02,NA
257,F,Kitawase,Thrum,F-T02,9.94,98.8,8.32,69.22,125
258,F,Kitawase,Thrum,F-T02,13.4,179.56,8.76,76.74,NA
259,F,Kitawase,Thrum,F-T02,13.26,175.83,9.17,84.09,NA
260,F,Kitawase,Thrum,F-T02,4.2,17.64,4.77,22.75,16
261,F,Kitawase,Thrum,F-T02,13.43,180.36,7.52,56.55,NA
262,F,Kitawase,Thrum,F-T02,8.53,72.76,6.86,47.06,NA
263,F,Kitawase,Thrum,F-T02,14.43,208.22,8.66,75,NA
264,F,Kitawase,Thrum,F-T02,9.66,93.32,7.74,59.91,NA
265,F,Kitawase,Thrum,F-T02,9.8,96.04,6.59,43.43,NA
266,F,Kitawase,Thrum,F-T02,3.01,9.06,3.72,13.84,NA
267,F,Kitawase,Thrum,F-T02,9.82,96.43,6.86,47.06,NA
268,F,Kitawase,Thrum,F-T02,11.31,127.92,5.78,33.41,NA
269,F,Kitawase,Thrum,F-T02,7.33,53.73,7.4,54.76,NA
270,F,Kitawase,Thrum,F-T02,7.62,58.06,6.7,44.89,NA
271,F,Kitawase,Thrum,F-T02,10.96,120.12,5.58,31.14,NA
272,F,Kitawase,Thrum,F-T02,12.93,167.18,6.94,48.16,NA
273,F,Kitawase,Thrum,F-T02,12.73,162.05,9.1,82.81,NA
274,F,Kitawase,Thrum,F-T02,12.95,167.7,8.95,80.1,NA
275,F,Kitawase,Thrum,F-T02,8.9,79.21,6.42,41.22,NA
276,F,Kitawase,Thrum,F-T02,13.53,183.06,8.67,75.17,NA
277,F,Kitawase,Thrum,F-T02,4.52,20.43,5.84,34.11,NA
278,F,Kitawase,Thrum,F-T02,7.84,61.47,7.17,51.41,NA
279,F,Kitawase,Thrum,F-T02,11.01,121.22,8.26,68.23,NA
280,F,Kitawase,Thrum,F-T02,9.55,91.2,6.91,47.75,NA
281,F,Kitawase,Thrum,F-T02,10.51,110.46,6.79,46.1,NA
282,F,Kitawase,Thrum,F-T02,6.7,44.89,7.2,51.84,27
283,F,Kitawase,Thrum,F-T02,13.37,178.76,5.91,34.93,87
284,F,Kitawase,Thrum,F-T02,5.46,29.81,4.89,23.91,33
285,F,Kitawase,Thrum,F-T02,8.01,64.16,6.37,40.58,84
286,F,Kitawase,Thrum,F-T02,8.54,72.93,7.55,57,86
287,F,Kitawase,Thrum,F-T02,9.43,88.92,8.43,71.13,98
288,F,Kitawase,Thrum,F-T02,7.41,54.91,4.32,18.66,38
289,F,Kitawase,Thrum,F-T02,12.37,153.02,8.11,65.77,91
290,F,Kitawase,Thrum,F-T02,15.34,235.32,10.26,105.27,78
291,F,Kitawase,Thrum,F-T02,15.56,242.11,7.23,52.27,76
292,F,Kitawase,Thrum,F-T03,6.89,47.47,3.87,14.98,NA
293,F,Kitawase,Thrum,F-T03,13.97,195.16,5.11,26.11,NA
294,F,Kitawase,Thrum,F-T03,5.42,29.38,5.89,34.69,NA
295,F,Kitawase,Thrum,F-T03,4.04,16.32,3.94,15.52,NA
296,F,Kitawase,Thrum,F-T03,5.4,29.16,5.06,25.6,NA
297,F,Kitawase,Thrum,F-T03,9.29,86.3,3.98,15.84,NA
298,F,Kitawase,Thrum,F-T03,8.53,72.76,5.26,27.67,NA
299,F,Kitawase,Thrum,F-T03,16.47,271.26,5.07,25.7,NA
300,F,Kitawase,Thrum,F-T03,5.02,25.2,2.8,7.84,NA
301,F,Kitawase,Thrum,F-T03,9.44,89.11,4.07,16.56,NA
302,F,Kitawase,Thrum,F-T03,15.94,254.08,8.1,65.61,NA
303,F,Kitawase,Thrum,F-T03,14.45,208.8,5.44,29.59,NA
304,F,Kitawase,Thrum,F-T03,4.25,18.06,3.61,13.03,NA
305,F,Kitawase,Thrum,F-T03,12.82,164.45,9.4,88.36,NA
306,F,Kitawase,Thrum,F-T03,9.18,84.27,8.43,71.06,NA
307,F,Kitawase,Thrum,F-T03,11.09,122.99,10.71,114.7,NA
308,F,Kitawase,Thrum,F-T03,8.1,65.61,4.21,17.72,NA
309,F,Kitawase,Thrum,F-T03,10.67,113.85,3.63,13.18,NA
310,F,Kitawase,Thrum,F-T03,8.99,80.82,3.86,14.9,NA
311,F,Kitawase,Thrum,F-T03,15.08,227.41,4.66,21.72,NA
312,F,Kitawase,Thrum,F-T03,5.1,26.01,4.06,16.48,NA
313,F,Kitawase,Thrum,F-T03,4.54,20.61,3.62,13.1,NA
314,F,Kitawase,Thrum,F-T03,7.55,57,3.02,9.12,NA
315,F,Kitawase,Thrum,F-T03,2.75,7.56,2.91,8.47,NA
316,F,Kitawase,Thrum,F-T03,9.49,90.06,3.08,9.49,NA
317,F,Kitawase,Thrum,F-T03,2.62,6.86,2.12,4.49,8
318,F,Kitawase,Thrum,F-T03,8.84,78.15,3.94,15.52,30
319,F,Kitawase,Thrum,F-T03,5.26,27.67,3.7,13.69,18
320,F,Kitawase,Thrum,F-T03,19.27,371.33,4.61,21.25,75
321,F,Kitawase,Thrum,F-T03,6.2,38.44,5.28,27.88,38
322,F,Kitawase,Thrum,F-T03,7.61,57.91,3.2,10.24,30
323,F,Kitawase,Thrum,F-T03,11.87,140.9,5.39,29.1,75
324,F,Kitawase,Thrum,F-T03,17.04,290.36,NA,NA,40
325,F,Kitawase,Thrum,F-T03,8.65,74.82,7.65,58.52,98
326,F,Kitawase,Thrum,F-T03,6.61,43.69,5.34,28.52,30
327,F,Kitawase,Thrum,F-T03,11.64,135.49,14.81,219.34,250
328,F,Kitawase,Pin,F-P03,8.39,70.39,4.1,16.81,NA
329,F,Kitawase,Pin,F-P03,18.43,339.66,4.15,17.22,NA
330,F,Kitawase,Pin,F-P03,27.78,771.73,4.94,24.4,NA
331,F,Kitawase,Pin,F-P03,14.91,222.31,4.7,22.09,NA
332,F,Kitawase,Pin,F-P03,13.63,185.78,7.09,50.27,NA
333,F,Kitawase,Pin,F-P03,18.2,331.24,3.48,12.11,NA
334,F,Kitawase,Pin,F-P03,17.13,293.44,4.66,21.72,NA
335,F,Kitawase,Pin,F-P03,21.09,444.79,4.22,17.81,NA
336,F,Kitawase,Pin,F-P03,16.42,269.62,4.27,18.23,NA
337,F,Kitawase,Pin,F-P03,23.93,572.64,4.05,16.4,NA
338,F,Kitawase,Pin,F-P03,14.61,213.45,5.68,32.26,NA
339,F,Kitawase,Pin,F-P03,27.05,731.7,4.54,20.61,NA
340,F,Kitawase,Pin,F-P03,18.36,337.09,10.31,106.3,NA
341,F,Kitawase,Pin,F-P03,34.56,1194.39,4.56,20.79,NA
342,F,Kitawase,Pin,F-P03,20.9,436.81,4.56,20.79,NA
343,F,Kitawase,Pin,F-P03,18.18,330.51,3.96,15.68,NA
344,F,Kitawase,Pin,F-P03,13.09,171.35,11.23,126.11,NA
345,F,Kitawase,Pin,F-P03,14.88,221.41,4.19,17.56,NA
346,F,Kitawase,Pin,F-P03,15.12,228.61,6.97,48.58,NA
347,F,Kitawase,Pin,F-P03,22.05,486.2,4.69,22,NA
348,F,Kitawase,Pin,F-P03,4.28,18.32,4.03,16.24,19
349,F,Kitawase,Pin,F-P03,15.77,248.69,4.02,16.16,55
350,F,Kitawase,Pin,F-P03,NA,NA,NA,NA,66
351,F,Kitawase,Pin,F-P03,17.19,295.5,5,25,69
352,F,Kitawase,Pin,F-P03,20.63,425.6,5.15,26.52,90
353,F,Kitawase,Pin,F-P03,19.43,377.52,4.82,23.23,75
354,F,Kitawase,Pin,F-P03,28.67,821.97,NA,NA,117
355,F,Kitawase,Pin,F-P03,12.49,156,5.76,33.18,79
356,F,Kitawase,Pin,F-P03,15.93,253.76,9.72,94.48,199
357,A,Kitawase,Pin,A-P01,5.8,33.64,6.04,36.48,NA
358,A,Kitawase,Pin,A-P01,4.83,23.33,4.9,24.01,NA
359,A,Kitawase,Pin,A-P01,8.31,69.06,5.51,30.36,NA
360,A,Kitawase,Pin,A-P01,10.78,116.21,5.46,29.81,NA
361,A,Kitawase,Pin,A-P01,13.15,172.92,4.69,22,NA
362,A,Kitawase,Pin,A-P01,6.12,37.45,3.71,13.76,NA
363,A,Kitawase,Pin,A-P01,14.79,218.74,5.23,27.35,NA
364,A,Kitawase,Pin,A-P01,11.3,127.69,4.61,21.25,NA
365,A,Kitawase,Pin,A-P01,12.86,165.38,3.94,15.52,NA
366,A,Kitawase,Pin,A-P01,12.66,160.28,5.3,28.09,NA
367,A,Kitawase,Pin,A-P01,12.71,161.54,6.1,37.21,NA
368,A,Kitawase,Pin,A-P01,15.09,227.71,4.94,24.4,NA
369,A,Kitawase,Pin,A-P01,19.95,398,4.92,24.21,NA
370,A,Kitawase,Pin,A-P01,12.72,161.8,8,64,NA
371,A,Kitawase,Pin,A-P01,12.89,166.15,6.54,42.77,NA
372,A,Kitawase,Pin,A-P01,9.9,98.01,6.93,48.02,NA
373,A,Kitawase,Pin,A-P01,11.49,132.02,7.74,59.91,NA
374,A,Kitawase,Pin,A-P01,14.24,202.78,8.01,64.16,NA
375,A,Kitawase,Pin,A-P01,13.08,171.09,8.41,70.73,NA
376,A,Kitawase,Pin,A-P01,13.37,178.76,10.61,112.57,NA
377,A,Kitawase,Pin,A-P01,12.9,166.41,11.61,134.79,NA
378,A,Kitawase,Pin,A-P01,8.23,67.73,4.79,22.94,39
379,A,Kitawase,Pin,A-P01,6.75,45.56,4.98,24.8,39
380,A,Kitawase,Pin,A-P01,9.68,93.7,4.66,21.72,25
381,A,Kitawase,Pin,A-P01,9.75,95.06,5.18,26.83,43
382,A,Kitawase,Pin,A-P01,12,144,4.54,20.61,59
383,A,Kitawase,Pin,A-P01,16.06,257.92,5.09,25.91,77
384,A,Kitawase,Pin,A-P01,15.01,225.3,8.97,80.46,151
385,A,Kitawase,Pin,A-P01,12.92,166.93,7.3,53.29,170
386,A,Kitawase,Pin,A-P01,8.2,67.24,7.12,50.69,117
387,A,Kitawase,Pin,A-P01,9.84,96.83,8.25,68.06,98
388,A,Kitawase,Pin,A-P02,12.76,162.82,4.32,18.66,NA
389,A,Kitawase,Pin,A-P02,12.81,164.1,5.89,34.69,NA
390,A,Kitawase,Pin,A-P02,8.76,76.74,4.32,18.66,NA
391,A,Kitawase,Pin,A-P02,9.19,84.46,5.17,26.73,NA
392,A,Kitawase,Pin,A-P02,11.84,140.19,5.16,26.63,NA
393,A,Kitawase,Pin,A-P02,12.57,158,6.8,46.24,NA
394,A,Kitawase,Pin,A-P02,13.01,169.26,6.34,40.2,NA
395,A,Kitawase,Pin,A-P02,11.82,139.71,6.23,38.81,NA
396,A,Kitawase,Pin,A-P02,12.73,162.05,6.24,38.94,NA
397,A,Kitawase,Pin,A-P02,12.65,160.02,4.56,20.79,NA
398,A,Kitawase,Pin,A-P02,13.53,183.06,5.34,28.52,NA
399,A,Kitawase,Pin,A-P02,13.96,194.88,5.87,34.46,NA
400,A,Kitawase,Pin,A-P02,15.84,250.91,5.58,31.14,NA
401,A,Kitawase,Pin,A-P02,10.54,111.09,6.04,36.48,NA
402,A,Kitawase,Pin,A-P02,7.15,51.12,4.53,20.52,43
403,A,Kitawase,Pin,A-P02,10.18,103.63,3.63,13.18,40
404,A,Kitawase,Pin,A-P02,14.08,198.25,4.49,20.16,87
405,A,Kitawase,Pin,A-P02,15.42,237.78,5.53,30.58,73
406,A,Kitawase,Pin,A-P02,7.39,54.61,3.99,15.92,40
407,A,Kitawase,Pin,A-P02,12.52,156.75,6.2,38.44,151
408,A,Kitawase,Pin,A-P02,14.59,212.87,9.13,83.36,249
409,A,Kitawase,Pin,A-P03,4.53,20.52,2.84,8.07,NA
410,A,Kitawase,Pin,A-P03,6.12,37.45,4.21,17.72,NA
411,A,Kitawase,Pin,A-P03,13.46,181.17,4.36,19.01,NA
412,A,Kitawase,Pin,A-P03,12.64,159.77,4.65,21.62,NA
413,A,Kitawase,Pin,A-P03,13.14,172.66,4.1,16.81,NA
414,A,Kitawase,Pin,A-P03,4.83,23.33,4.4,19.36,NA
415,A,Kitawase,Pin,A-P03,10.21,104.24,5.28,27.88,NA
416,A,Kitawase,Pin,A-P03,12.15,147.62,4.46,19.89,NA
417,A,Kitawase,Pin,A-P03,13.22,174.77,4.21,17.72,NA
418,A,Kitawase,Pin,A-P03,13.3,176.89,5.23,27.35,NA
419,A,Kitawase,Pin,A-P03,16.49,271.92,5.53,30.58,NA
420,A,Kitawase,Pin,A-P03,15.02,225.6,5.89,34.69,NA
421,A,Kitawase,Pin,A-P03,9.62,92.54,5.84,34.11,NA
422,A,Kitawase,Pin,A-P03,10.03,100.6,8.23,67.73,NA
423,A,Kitawase,Pin,A-P03,14.62,213.74,9.83,96.63,NA
424,A,Kitawase,Pin,A-P03,9.73,94.67,7.09,50.27,NA
425,A,Kitawase,Pin,A-P03,12.58,158.26,4.56,20.79,NA
426,A,Kitawase,Pin,A-P03,11.93,142.32,4.44,19.71,NA
427,A,Kitawase,Pin,A-P03,13.37,178.76,5.1,26.01,NA
428,A,Kitawase,Pin,A-P03,12.4,153.76,8,64,NA
429,A,Kitawase,Pin,A-P03,10.55,111.3,4.17,17.39,NA
430,A,Kitawase,Pin,A-P03,10.94,119.68,5.67,32.15,NA
431,A,Kitawase,Pin,A-P03,12.08,145.93,8.99,80.82,240
432,A,Kitawase,Pin,A-P03,8.53,72.76,8.37,70.06,83
433,A,Kitawase,Pin,A-P03,NA,NA,NA,NA,77
434,A,Kitawase,Pin,A-P03,14.34,205.64,4.65,21.62,79
435,A,Kitawase,Pin,A-P03,14.44,208.51,5.08,25.81,82
436,A,Kitawase,Pin,A-P03,12.91,166.67,5.11,26.11,57
437,A,Kitawase,Pin,A-P03,16.46,270.93,5.69,32.38,54
438,A,Kitawase,Pin,A-P03,12.79,163.58,4.28,18.32,46
439,A,Kitawase,Pin,A-P03,9.53,90.82,4.96,24.6,53
440,A,Kitawase,Pin,A-P03,10.02,100.4,5.26,27.67,38
441,A,Kitawase,Pin,A-P03,9.42,88.74,4.93,24.3,46
442,A,Kitawase,Thrum,A-T01,9.41,88.55,7.29,53.14,NA
443,A,Kitawase,Thrum,A-T01,6.58,43.3,6.31,39.82,NA
444,A,Kitawase,Thrum,A-T01,10.75,115.56,7.27,52.85,NA
445,A,Kitawase,Thrum,A-T01,8.72,76.04,5.8,33.64,NA
446,A,Kitawase,Thrum,A-T01,10.95,119.9,7.39,54.61,NA
447,A,Kitawase,Thrum,A-T01,9.61,92.35,6.78,45.97,NA
448,A,Kitawase,Thrum,A-T01,12.87,165.64,6.93,48.02,NA
449,A,Kitawase,Thrum,A-T01,11.24,126.34,8.24,67.9,NA
450,A,Kitawase,Thrum,A-T01,14.22,202.21,8.75,76.56,NA
451,A,Kitawase,Thrum,A-T01,15.91,253.13,9.46,89.49,NA
452,A,Kitawase,Thrum,A-T01,12.69,161.04,6.17,38.07,NA
453,A,Kitawase,Thrum,A-T01,11.53,132.94,7.07,49.98,NA
454,A,Kitawase,Thrum,A-T01,21.69,470.46,10.44,108.99,NA
455,A,Kitawase,Thrum,A-T01,5.99,35.88,6.07,36.84,37
456,A,Kitawase,Thrum,A-T01,9.56,91.39,6.05,36.6,68
457,A,Kitawase,Thrum,A-T01,10.07,101.4,9.42,88.74,144
458,A,Kitawase,Thrum,A-T01,17.28,298.6,9.51,90.44,314
459,A,Kitawase,Thrum,A-T01,18.72,350.44,9.75,95.06,215
460,A,Kitawase,Thrum,A-T01,13.31,177.16,8.77,76.91,289
461,A,Kitawase,Thrum,A-T02,16.14,260.5,10.4,108.16,NA
462,A,Kitawase,Thrum,A-T02,20.67,427.25,10.12,102.41,NA
463,A,Kitawase,Thrum,A-T02,24.92,621.01,9.99,99.8,NA
464,A,Kitawase,Thrum,A-T02,20.61,424.77,8.47,71.74,NA
465,A,Kitawase,Thrum,A-T02,15.22,231.65,7.36,54.17,NA
466,A,Kitawase,Thrum,A-T02,4.5,20.25,5.67,32.15,NA
467,A,Kitawase,Thrum,A-T02,3.63,13.18,3.28,10.76,6
468,A,Kitawase,Thrum,A-T02,12.03,144.72,6.64,44.09,NA
469,A,Kitawase,Thrum,A-T02,11.12,123.65,6.71,45.02,NA
470,A,Kitawase,Thrum,A-T02,26.6,707.56,6.52,42.51,NA
471,A,Kitawase,Thrum,A-T02,6.51,42.38,4.61,21.25,NA
472,A,Kitawase,Thrum,A-T02,14.35,205.92,5.38,28.94,NA
473,A,Kitawase,Thrum,A-T02,15.14,229.22,6.04,36.48,NA
474,A,Kitawase,Thrum,A-T02,16.05,257.6,5.67,32.15,NA
475,A,Kitawase,Thrum,A-T02,13.02,169.52,4.62,21.34,NA
476,A,Kitawase,Thrum,A-T02,13.57,184.14,5.41,29.27,67
477,A,Kitawase,Thrum,A-T02,15.77,248.69,7.45,55.5,95
478,A,Kitawase,Thrum,A-T02,21.76,473.5,6.15,37.82,148
479,A,Kitawase,Thrum,A-T02,8.87,78.68,6.3,39.69,44
480,A,Kitawase,Thrum,A-T02,12.72,161.8,10.51,110.46,221
481,A,Kitawase,Thrum,A-T02,17.67,312.23,12.88,165.89,502
482,A,Kitawase,Thrum,A-T03,8.98,80.64,6.92,47.89,NA
483,A,Kitawase,Thrum,A-T03,7.87,61.94,6.42,41.22,NA
484,A,Kitawase,Thrum,A-T03,4.13,17.06,4.91,24.11,NA
485,A,Kitawase,Thrum,A-T03,15.77,248.69,5.65,31.92,NA
486,A,Kitawase,Thrum,A-T03,10.91,119.03,4.91,24.11,NA
487,A,Kitawase,Thrum,A-T03,6.19,38.32,5.04,25.4,NA
488,A,Kitawase,Thrum,A-T03,19.6,384.16,6.07,36.84,NA
489,A,Kitawase,Thrum,A-T03,18.43,339.66,6.12,37.45,NA
490,A,Kitawase,Thrum,A-T03,13.45,180.9,6.67,44.49,NA
491,A,Kitawase,Thrum,A-T03,14.43,208.22,6.77,45.83,NA
492,A,Kitawase,Thrum,A-T03,12.66,160.28,7.65,58.52,NA
493,A,Kitawase,Thrum,A-T03,11.09,122.99,7.99,63.84,NA
494,A,Kitawase,Thrum,A-T03,12.93,167.18,10.28,105.68,NA
495,A,Kitawase,Thrum,A-T03,16.49,271.92,11.16,124.55,NA
496,A,Kitawase,Thrum,A-T03,15.56,242.11,11.32,128.14,270
497,A,Kitawase,Thrum,A-T03,17.17,294.81,4.53,20.52,105
498,A,Kitawase,Thrum,A-T03,15.36,235.93,6.02,36.24,103
499,A,Kitawase,Thrum,A-T03,16.59,275.23,6.24,38.94,102
500,A,Kitawase,Thrum,A-T03,10.55,111.3,6.16,37.95,43
501,A,Kitawase,Thrum,A-T03,5.25,27.56,3.98,15.84,17
502,B,Kitawase,Thrum,B-T01,8.43,71.06,4,16,NA
503,B,Kitawase,Thrum,B-T01,6.07,36.84,4.48,20.07,NA
504,B,Kitawase,Thrum,B-T01,7.79,60.68,5.42,29.38,NA
505,B,Kitawase,Thrum,B-T01,11.48,131.79,3.63,13.18,NA
506,B,Kitawase,Thrum,B-T01,10.43,108.78,3.32,11.02,NA
507,B,Kitawase,Thrum,B-T01,17.28,298.6,5.57,31.02,NA
508,B,Kitawase,Thrum,B-T01,10.76,115.78,4.33,18.75,NA
509,B,Kitawase,Thrum,B-T01,13.09,171.35,5.73,32.83,NA
510,B,Kitawase,Thrum,B-T01,18.74,351.19,5.39,29.05,NA
511,B,Kitawase,Thrum,B-T01,10.06,101.2,5.23,27.35,NA
512,B,Kitawase,Thrum,B-T01,15.58,242.74,4.21,17.72,NA
513,B,Kitawase,Thrum,B-T01,14.14,199.94,4.5,20.25,NA
514,B,Kitawase,Thrum,B-T01,13.82,190.99,4.52,20.43,NA
515,B,Kitawase,Thrum,B-T01,11.43,130.64,3.79,14.36,NA
516,B,Kitawase,Thrum,B-T01,14.29,204.2,4.62,21.34,NA
517,B,Kitawase,Thrum,B-T01,15.3,234.09,8.33,69.39,NA
518,B,Kitawase,Thrum,B-T01,13.92,193.77,8.08,65.29,NA
519,B,Kitawase,Thrum,B-T01,11.6,134.56,6.75,45.56,NA
520,B,Kitawase,Thrum,B-T01,8.7,75.69,3.21,10.3,29
521,B,Kitawase,Thrum,B-T01,8.83,77.97,3.83,14.67,34
522,B,Kitawase,Thrum,B-T01,7.84,61.47,3.86,14.9,43
523,B,Kitawase,Thrum,B-T01,8.72,76.04,4.07,16.56,42
524,B,Kitawase,Thrum,B-T01,13.53,183.06,4.27,18.23,75
525,B,Kitawase,Thrum,B-T01,9.66,93.32,4.83,23.33,87
526,B,Kitawase,Thrum,B-T01,13.97,195.16,5.17,26.73,83
527,B,Kitawase,Thrum,B-T01,14.05,197.4,6.42,41.22,141
528,B,Kitawase,Thrum,B-T02,7.78,60.53,3.29,10.82,NA
529,B,Kitawase,Thrum,B-T02,9.97,99.4,3.83,14.67,NA
530,B,Kitawase,Thrum,B-T02,14.22,202.21,5.4,29.16,NA
531,B,Kitawase,Thrum,B-T02,12.25,150.06,5.15,26.52,NA
532,B,Kitawase,Thrum,B-T02,16.85,283.92,4.57,20.88,NA
533,B,Kitawase,Thrum,B-T02,14.43,208.22,5.98,35.76,NA
534,B,Kitawase,Thrum,B-T02,20.24,409.66,4.49,20.16,NA
535,B,Kitawase,Thrum,B-T02,13.83,191.27,7.48,55.95,NA
536,B,Kitawase,Thrum,B-T02,9.64,92.93,6.05,36.6,NA
537,B,Kitawase,Thrum,B-T02,4.26,18.15,3.08,9.49,NA
538,B,Kitawase,Thrum,B-T02,6.99,48.86,4.21,17.72,52
539,B,Kitawase,Thrum,B-T02,NA,NA,NA,NA,67
540,B,Kitawase,Thrum,B-T02,11.52,132.71,7.91,62.57,140
541,B,Kitawase,Thrum,B-T03,11.67,136.19,5.14,26.42,NA
542,B,Kitawase,Thrum,B-T03,11.78,138.77,3.24,10.5,NA
543,B,Kitawase,Thrum,B-T03,8.65,74.82,2.82,7.95,NA
544,B,Kitawase,Thrum,B-T03,9.33,87.05,3.61,13.03,NA
545,B,Kitawase,Thrum,B-T03,9.04,81.72,5.87,34.46,NA
546,B,Kitawase,Thrum,B-T03,14.46,209.09,5.76,33.18,NA
547,B,Kitawase,Thrum,B-T03,17.41,303.11,4.58,20.98,NA
548,B,Kitawase,Thrum,B-T03,10.68,114.06,3.55,12.6,NA
549,B,Kitawase,Thrum,B-T03,9.82,96.43,3.68,13.54,NA
550,B,Kitawase,Thrum,B-T03,8.51,72.42,3.62,13.1,NA
551,B,Kitawase,Thrum,B-T03,8.82,77.79,3.91,15.29,NA
552,B,Kitawase,Thrum,B-T03,9.92,98.41,4.07,16.56,NA
553,B,Kitawase,Thrum,B-T03,11.51,132.48,5.08,25.81,NA
554,B,Kitawase,Thrum,B-T03,17.46,304.85,5.1,26.01,NA
555,B,Kitawase,Thrum,B-T03,10.85,117.72,6.19,38.32,NA
556,B,Kitawase,Thrum,B-T03,10.77,115.99,5.48,30.03,NA
557,B,Kitawase,Thrum,B-T03,10.19,103.84,5.75,33.06,NA
558,B,Kitawase,Thrum,B-T03,8.26,68.23,6.04,36.48,NA
559,B,Kitawase,Thrum,B-T03,8.72,76.04,4.25,18.06,31
560,B,Kitawase,Thrum,B-T03,5.84,34.11,2.67,7.13,24
561,B,Kitawase,Thrum,B-T03,7.55,57,3.39,11.49,27
562,B,Kitawase,Thrum,B-T03,5.11,26.11,2.74,7.51,27
563,B,Kitawase,Thrum,B-T03,9.85,97.02,6.96,48.44,159
564,B,Kitawase,Thrum,B-T03,8.43,71.06,7.61,57.91,103
565,B,Kitawase,Thrum,B-T03,8.57,73.44,3.26,10.63,75
566,B,Kitawase,Thrum,B-T03,10.01,100.2,3.8,14.44,29
567,B,Kitawase,Pin,B-P01,10.13,102.62,6.64,44.09,NA
568,B,Kitawase,Pin,B-P01,6.98,48.72,3.61,13.03,NA
569,B,Kitawase,Pin,B-P01,13.72,188.24,4.61,21.25,NA
570,B,Kitawase,Pin,B-P01,11.23,126.11,4.58,20.98,NA
571,B,Kitawase,Pin,B-P01,6.47,41.86,4.04,16.32,NA
572,B,Kitawase,Pin,B-P01,11.79,139,4.04,16.32,NA
573,B,Kitawase,Pin,B-P01,11.58,134.1,5.78,33.41,NA
574,B,Kitawase,Pin,B-P01,10.68,114.06,4.61,21.25,NA
575,B,Kitawase,Pin,B-P01,12.48,155.75,5.27,27.77,NA
576,B,Kitawase,Pin,B-P01,15.26,232.87,4.14,17.14,NA
577,B,Kitawase,Pin,B-P01,17.42,303.46,5.08,25.81,NA
578,B,Kitawase,Pin,B-P01,14.45,208.8,6.71,45.02,NA
579,B,Kitawase,Pin,B-P01,16.14,260.5,5.03,25.3,NA
580,B,Kitawase,Pin,B-P01,15.9,252.81,6.71,45.02,97
581,B,Kitawase,Pin,B-P01,10.87,118.16,3.75,14.06,39
582,B,Kitawase,Pin,B-P01,9.89,97.81,5.51,30.36,71
583,B,Kitawase,Pin,B-P01,9.42,88.74,3.77,14.21,32
584,B,Kitawase,Pin,B-P01,11.64,135.49,4.29,18.4,42
585,B,Kitawase,Pin,B-P01,17.09,292.07,5.07,25.7,70
586,B,Kitawase,Pin,B-P01,16.34,267,NA,NA,94
587,B,Kitawase,Pin,B-P02,12.19,148.6,5.17,26.73,NA
588,B,Kitawase,Pin,B-P02,10.63,113,5.96,35.52,NA
589,B,Kitawase,Pin,B-P02,3.74,13.99,3.92,15.37,NA
590,B,Kitawase,Pin,B-P02,6.27,39.31,3.82,14.59,NA
591,B,Kitawase,Pin,B-P02,12.28,150.8,4.85,23.52,NA
592,B,Kitawase,Pin,B-P02,10.33,106.71,5.29,27.98,NA
593,B,Kitawase,Pin,B-P02,15.52,240.87,6.44,41.47,NA
594,B,Kitawase,Pin,B-P02,7.53,56.7,4.98,24.8,NA
595,B,Kitawase,Pin,B-P02,12.91,166.67,5.91,34.93,NA
596,B,Kitawase,Pin,B-P02,10.65,113.42,4.75,22.56,NA
597,B,Kitawase,Pin,B-P02,13.79,190.16,6.86,47.06,NA
598,B,Kitawase,Pin,B-P02,9.01,81.18,5.01,25.1,NA
599,B,Kitawase,Pin,B-P02,10.83,117.29,4.4,19.36,NA
600,B,Kitawase,Pin,B-P02,9.53,90.82,4.22,17.81,NA
601,B,Kitawase,Pin,B-P02,8.76,76.74,4.44,19.71,NA
602,B,Kitawase,Pin,B-P02,13.38,179.02,6.37,40.58,NA
603,B,Kitawase,Pin,B-P02,11.28,127.24,5.91,34.93,NA
604,B,Kitawase,Pin,B-P02,9.65,93.12,5.37,28.84,NA
605,B,Kitawase,Pin,B-P02,9.76,95.26,4.65,21.62,NA
606,B,Kitawase,Pin,B-P02,12.6,158.76,4.27,18.23,NA
607,B,Kitawase,Pin,B-P02,13.01,169.26,8.22,67.57,NA
608,B,Kitawase,Pin,B-P02,9.54,91.01,5.55,30.8,67
609,B,Kitawase,Pin,B-P02,15.37,236.24,8.94,79.92,126
610,B,Kitawase,Pin,B-P02,5.27,27.77,2.72,7.4,17
611,B,Kitawase,Pin,B-P02,8.87,78.68,6.72,45.16,133
612,B,Kitawase,Pin,B-P02,13.18,173.71,4.73,22.37,68
613,B,Kitawase,Pin,B-P02,10.8,116.64,4.18,17.47,44
614,B,Kitawase,Pin,B-P02,NA,NA,NA,NA,56
615,B,Kitawase,Pin,B-P02,12.8,163.84,4.84,23.43,54
616,B,Kitawase,Pin,B-P02,NA,NA,4.6,21.16,75
617,B,Kitawase,Pin,B-P02,12.02,144.48,4.37,19.1,77
618,B,Kitawase,Pin,B-P03,26.13,682.78,5.28,27.88,NA
619,B,Kitawase,Pin,B-P03,27.87,776.74,4.55,20.7,NA
620,B,Kitawase,Pin,B-P03,23.03,530.38,4.98,24.8,NA
621,B,Kitawase,Pin,B-P03,22.04,485.76,4.36,19.01,NA
622,B,Kitawase,Pin,B-P03,16.7,278.89,4.29,18.4,NA
623,B,Kitawase,Pin,B-P03,21.4,457.96,6.53,42.64,NA
624,B,Kitawase,Pin,B-P03,11.99,143.76,4.34,18.84,NA
625,B,Kitawase,Pin,B-P03,9.79,95.84,4.33,18.75,NA
626,B,Kitawase,Pin,B-P03,10.09,101.81,5.26,27.67,NA
627,B,Kitawase,Pin,B-P03,11.1,123.21,7.28,53,NA
628,B,Kitawase,Pin,B-P03,13.45,180.9,8.09,65.45,112
629,B,Kitawase,Pin,B-P03,8.66,75,3.04,9.24,31
630,B,Kitawase,Pin,B-P03,18.21,331.6,3.28,10.76,65
631,B,Kitawase,Pin,B-P03,15.56,242.11,4.96,24.6,78
632,B,Kitawase,Pin,B-P03,17.37,301.72,7.61,57.91,149
633,C,Horiminori,Pin,C-P01,19.39,375.97,5.98,35.76,NA
634,C,Horiminori,Pin,C-P01,18.59,345.59,4.34,18.84,NA
635,C,Horiminori,Pin,C-P01,10.75,115.56,7.16,51.27,NA
636,C,Horiminori,Pin,C-P01,19.33,373.65,4.9,24.01,NA
637,C,Horiminori,Pin,C-P01,12.92,166.93,8.36,69.89,NA
638,C,Horiminori,Pin,C-P01,7.53,56.7,4.94,24.4,NA
639,C,Horiminori,Pin,C-P01,14.29,204.2,5.02,25.2,NA
640,C,Horiminori,Pin,C-P01,8.15,66.42,4.25,18.06,NA
641,C,Horiminori,Pin,C-P01,10.73,115.13,3.97,15.76,NA
642,C,Horiminori,Pin,C-P01,7.3,53.29,4.04,16.32,NA
643,C,Horiminori,Pin,C-P01,9.1,82.81,7.79,60.68,NA
644,C,Horiminori,Pin,C-P01,7.55,57,3.68,13.54,NA
645,C,Horiminori,Pin,C-P01,6.75,45.56,2.79,7.78,NA
646,C,Horiminori,Pin,C-P01,10.18,103.63,6.33,40.07,NA
647,C,Horiminori,Pin,C-P01,6.23,38.81,4.35,18.92,94
648,C,Horiminori,Pin,C-P01,6.92,47.89,5.21,27.14,73
649,C,Horiminori,Pin,C-P01,6.06,36.72,4.5,20.25,51
650,C,Horiminori,Pin,C-P01,14.25,203.06,4.58,20.98,82
651,C,Horiminori,Pin,C-P01,15.34,235.32,7.8,60.84,19
652,C,Horiminori,Pin,C-P01,NA,NA,NA,NA,276
653,C,Horiminori,Pin,C-P02,8.82,77.79,3.95,15.6,NA
654,C,Horiminori,Pin,C-P02,10.05,101,3.65,13.32,NA
655,C,Horiminori,Pin,C-P02,12.78,163.33,3.69,13.62,NA
656,C,Horiminori,Pin,C-P02,13.75,189.06,4.28,18.32,NA
657,C,Horiminori,Pin,C-P02,17.34,300.68,4.38,19.18,NA
658,C,Horiminori,Pin,C-P02,8.95,80.1,5.37,28.84,NA
659,C,Horiminori,Pin,C-P02,11.46,131.33,5.78,33.41,NA
660,C,Horiminori,Pin,C-P02,13.15,172.92,3.51,12.32,NA
661,C,Horiminori,Pin,C-P02,10.84,117.51,3.02,9.12,39
662,C,Horiminori,Pin,C-P02,13.09,171.35,4.24,17.98,64
663,C,Horiminori,Pin,C-P02,8.01,64.16,5.51,30.36,104
664,C,Horiminori,Pin,C-P02,NA,NA,NA,NA,113
665,C,Horiminori,Pin,C-P02,14.35,205.92,7.2,51.84,199
666,C,Horiminori,Pin,C-P03,13.93,194.04,6.23,38.81,150
667,C,Horiminori,Pin,C-P03,NA,NA,NA,NA,153
668,C,Horiminori,Pin,C-P03,16.7,278.89,5.27,27.77,84
669,C,Horiminori,Pin,C-P03,11.38,129.5,4.55,20.7,57
670,C,Horiminori,Pin,C-P03,13.57,184.14,3.89,15.13,67
671,C,Horiminori,Pin,C-P03,20.05,402,3.09,9.55,118
672,C,Horiminori,Pin,C-P03,10.13,102.62,4.47,19.98,69
673,C,Horiminori,Pin,C-P03,22.86,522.58,4.85,23.52,NA
674,C,Horiminori,Pin,C-P03,9.74,94.87,3.71,13.76,NA
675,C,Horiminori,Pin,C-P03,10.28,105.68,4.18,17.47,NA
676,C,Horiminori,Pin,C-P03,13.01,169.26,5.42,29.38,NA
677,C,Horiminori,Pin,C-P03,11.53,132.94,4.4,19.36,NA
678,C,Horiminori,Pin,C-P03,11.44,130.87,3.87,14.98,NA
679,C,Horiminori,Pin,C-P03,17.44,304.15,4.43,19.62,NA
680,C,Horiminori,Pin,C-P03,17.47,305.2,5.5,30.25,NA
681,C,Horiminori,Pin,C-P03,22.12,489.29,4.41,19.45,NA
682,C,Horiminori,Pin,C-P03,10.99,120.78,6.03,36.36,NA
683,C,Horiminori,Pin,C-P03,15.36,235.93,7.28,53,NA
684,C,Horiminori,Pin,C-P03,12.96,167.96,5.5,30.25,NA
685,C,Horiminori,Thrum,C-T01,5.83,33.99,3.33,11.09,NA
686,C,Horiminori,Thrum,C-T01,8.56,73.27,6.62,43.82,NA
687,C,Horiminori,Thrum,C-T01,9.46,89.49,4.76,22.66,NA
688,C,Horiminori,Thrum,C-T01,14.78,218.45,3.67,13.47,NA
689,C,Horiminori,Thrum,C-T01,13.68,187.14,6.59,43.43,NA
690,C,Horiminori,Thrum,C-T01,10.93,119.46,5.73,32.83,NA
691,C,Horiminori,Thrum,C-T01,9.63,92.74,4.35,18.92,NA
692,C,Horiminori,Thrum,C-T01,14.56,211.99,5.32,28.3,NA
693,C,Horiminori,Thrum,C-T01,8.58,73.62,3.33,11.09,30
694,C,Horiminori,Thrum,C-T01,13.68,187.14,6.02,36.24,97
695,C,Horiminori,Thrum,C-T01,15.59,243.05,4.12,16.97,73
696,C,Horiminori,Thrum,C-T01,12.14,147.38,6.13,37.58,92
697,C,Horiminori,Thrum,C-T02,NA,NA,NA,NA,11
698,C,Horiminori,Thrum,C-T02,12.51,156.5,4.38,19.18,NA
699,C,Horiminori,Thrum,C-T02,18.57,344.84,5.41,29.27,NA
700,C,Horiminori,Thrum,C-T02,17.35,301.02,4.78,22.85,NA
701,C,Horiminori,Thrum,C-T02,13.34,177.96,4.25,18.06,NA
702,C,Horiminori,Thrum,C-T02,11.11,123.43,3.6,12.96,NA
703,C,Horiminori,Thrum,C-T02,13.55,183.6,4.89,23.91,NA
704,C,Horiminori,Thrum,C-T02,13.04,170.04,3.55,12.6,NA
705,C,Horiminori,Thrum,C-T02,12.84,164.87,3.85,14.82,NA
706,C,Horiminori,Thrum,C-T02,10.89,118.59,3.31,10.96,NA
707,C,Horiminori,Thrum,C-T02,15.04,226.2,5.03,25.3,NA
708,C,Horiminori,Thrum,C-T02,13.57,184.14,4.08,16.65,NA
709,C,Horiminori,Thrum,C-T02,12.93,167.18,4.03,16.24,NA
710,C,Horiminori,Thrum,C-T02,16.84,283.59,4.14,17.14,NA
711,C,Horiminori,Thrum,C-T02,13.05,170.3,3.7,13.69,NA
712,C,Horiminori,Thrum,C-T02,14.66,214.92,4.41,19.45,NA
713,C,Horiminori,Thrum,C-T02,15.15,229.52,6.62,43.82,NA
714,C,Horiminori,Thrum,C-T02,14.53,211.12,5.78,33.41,NA
715,C,Horiminori,Thrum,C-T02,13.62,185.5,6.83,46.65,NA
716,C,Horiminori,Thrum,C-T02,9.39,88.17,4.28,18.32,41
717,C,Horiminori,Thrum,C-T02,10.56,111.51,3.54,12.53,58
718,C,Horiminori,Thrum,C-T02,10.49,110.04,4.12,16.97,64
719,C,Horiminori,Thrum,C-T02,10.92,119.25,6.94,48.16,144
720,C,Horiminori,Thrum,C-T02,16.32,266.34,4.74,22.47,113
721,C,Horiminori,Thrum,C-T02,15,225,6.57,43.16,NA
722,C,Horiminori,Thrum,C-T03,8.62,74.3,6.17,38.07,NA
723,C,Horiminori,Thrum,C-T03,13.23,175.03,4.4,19.36,NA
724,C,Horiminori,Thrum,C-T03,16.19,262.12,4.8,23.04,NA
725,C,Horiminori,Thrum,C-T03,9.52,90.63,4.19,17.56,NA
726,C,Horiminori,Thrum,C-T03,10.44,108.99,3.81,14.52,NA
727,C,Horiminori,Thrum,C-T03,6.77,45.83,3.36,11.29,NA
728,C,Horiminori,Thrum,C-T03,6.5,42.25,3,9,NA
729,C,Horiminori,Thrum,C-T03,17.26,297.91,4.44,19.71,NA
730,C,Horiminori,Thrum,C-T03,15.72,247.12,4.29,18.4,NA
731,C,Horiminori,Thrum,C-T03,8.26,68.23,4.88,23.81,NA
732,C,Horiminori,Thrum,C-T03,12.89,166.15,6.05,36.6,NA
733,C,Horiminori,Thrum,C-T03,17.45,304.5,4.62,21.34,NA
734,C,Horiminori,Thrum,C-T03,9.93,98.6,5.08,25.81,94
735,C,Horiminori,Thrum,C-T03,4.89,23.91,3.08,9.49,26
736,C,Horiminori,Thrum,C-T03,6.96,48.44,3.24,10.5,29
737,C,Horiminori,Thrum,C-T03,13.67,186.87,4.74,22.47,68
738,C,Horiminori,Thrum,C-T03,14.94,223.2,4.41,19.45,76
