No,SiteID,PlantVariety,PlantType,PlantID,Length,Length_sq,Width,Width_sq,Flower,estimate00,mixed
1,E,Horiminori,Pin,E-P01,19.64,385.73,13.64,186.05,242,286.3507529,242
2,E,Horiminori,Pin,E-P01,6.53,42.64,4.76,22.66,24,42.72544211,24
3,E,Horiminori,Pin,E-P01,4.94,24.4,2.82,7.95,4,-7.218010934,4
4,E,Horiminori,Pin,E-P01,4.9,24.01,2.24,5.02,5,-19.19079828,5
5,E,Horiminori,Pin,E-P01,5.87,34.46,4.66,21.72,8,35.65316868,8
6,E,Horiminori,Pin,E-P01,5.27,27.77,3.13,9.8,12,1.522449734,12
7,E,Horiminori,Pin,E-P01,7.09,50.27,4.3,18.49,11,38.48899153,11
8,E,Horiminori,Pin,E-P01,11.95,142.8,7.55,57,15,135.0014503,15
9,E,Horiminori,Pin,E-P01,18.69,349.32,5.44,29.59,67,151.1184229,67
10,E,Horiminori,Pin,E-P01,16.26,264.39,3.9,15.21,NA,103.1380801,103
11,E,Horiminori,Pin,E-P01,7.56,57.15,4.62,21.34,NA,48.22804112,48
12,E,Horiminori,Pin,E-P01,11.72,137.36,5.2,27.04,NA,91.78431717,92
13,E,Horiminori,Pin,E-P02,16.51,272.58,6.27,39.31,65,148.8357124,65
14,E,Horiminori,Pin,E-P02,2.79,7.78,6.57,43.16,8,45.96467254,8
15,E,Horiminori,Pin,E-P02,22.25,495.06,7.62,58.06,78,217.3709798,78
16,E,Horiminori,Pin,E-P02,21.13,446.48,6.76,45.7,83,193.8401887,83
17,E,Horiminori,Pin,E-P03,13.31,177.16,18.89,356.83,NA,295.4891728,295
18,E,Horiminori,Pin,E-P03,15.09,227.71,5.42,29.38,NA,122.3743915,122
19,E,Horiminori,Pin,E-P03,12.46,155.25,6.68,44.62,NA,124.1083825,124
20,E,Horiminori,Pin,E-P03,16.45,270.6,6.89,47.47,NA,159.2040242,159
21,E,Horiminori,Pin,E-P03,11.82,139.71,5.59,31.25,NA,99.68947035,100
22,E,Horiminori,Pin,E-P03,7.94,63.04,4.97,24.7,NA,57.74512975,58
23,E,Horiminori,Pin,E-P03,15.71,246.8,5.34,28.52,NA,125.800536,126
24,E,Horiminori,Pin,E-P03,7.88,62.09,7.9,62.41,NA,108.7806279,109
25,E,Horiminori,Pin,E-P03,13.57,184.14,6.51,42.38,76,129.8862343,76
26,E,Horiminori,Pin,E-P03,13.42,180.1,4.37,19.1,108,89.70982419,108
27,E,Horiminori,Pin,E-P03,15.49,239.94,5.03,25.3,95,118.36862,95
28,E,Horiminori,Pin,E-P03,14.77,218.15,9.89,97.81,213,194.9208334,213
29,E,Horiminori,Thrum,E-T01,5.25,27.56,5.34,28.52,NA,43.3491156,43
30,E,Horiminori,Thrum,E-T01,6.39,40.83,4.58,20.98,NA,38.25239021,38
31,E,Horiminori,Thrum,E-T01,5.27,27.77,5.37,28.84,NA,44.05545961,44
32,E,Horiminori,Thrum,E-T01,21.84,476.99,7,49,NA,203.5878852,204
33,E,Horiminori,Thrum,E-T01,14.9,222.01,6.35,40.32,NA,137.5575129,138
34,E,Horiminori,Thrum,E-T01,13.95,194.6,6.6,43.56,NA,134.4567886,134
35,E,Horiminori,Thrum,E-T01,12.26,150.31,9.68,93.7,NA,171.8973769,172
36,E,Horiminori,Thrum,E-T01,16.93,286.62,11.34,128.6,NA,233.5295525,234
37,E,Horiminori,Thrum,E-T01,16.28,265.04,13.42,180.1,NA,257.0027797,257
38,E,Horiminori,Thrum,E-T01,17.84,318.27,16.6,275.56,360,307.6305536,360
39,E,Horiminori,Thrum,E-T01,5.76,33.18,5.32,28.3,30,47.00556637,30
40,E,Horiminori,Thrum,E-T01,NA,NA,NA,NA,195,NA,195
41,E,Horiminori,Thrum,E-T01,7.05,49.7,6.95,48.3,40,86.1442627,40
42,E,Horiminori,Thrum,E-T01,7.79,60.68,10.88,118.37,95,154.7851721,95
43,E,Horiminori,Thrum,E-T02,7.89,62.25,4.3,18.49,9,44.79502751,9
44,E,Horiminori,Thrum,E-T02,4.27,18.23,8.83,77.97,NA,95.51671034,96
45,E,Horiminori,Thrum,E-T02,20.32,412.9,7.73,59.75,NA,204.0030536,204
46,E,Horiminori,Thrum,E-T02,15.41,237.47,7.49,56.1,NA,161.2614512,161
47,E,Horiminori,Thrum,E-T02,16.27,264.71,7.3,53.29,NA,164.8178025,165
48,E,Horiminori,Thrum,E-T02,17.25,297.56,7.22,52.13,NA,171.1783343,171
49,E,Horiminori,Thrum,E-T02,9.78,95.65,4.88,23.81,41,70.58037655,41
50,E,Horiminori,Thrum,E-T02,14.59,212.87,9.2,84.64,170,182.7542307,170
51,E,Horiminori,Thrum,E-T02,11.68,136.42,9.89,97.81,112,170.5637694,112
52,E,Horiminori,Thrum,E-T02,19.91,396.41,17.91,320.77,224,337.8414106,224
53,E,Horiminori,Thrum,E-T03,6.39,40.83,3.59,12.89,11,19.34959185,11
54,E,Horiminori,Thrum,E-T03,15.56,242.11,5.46,29.81,NA,126.8097043,127
55,E,Horiminori,Thrum,E-T03,16.83,283.25,5.54,30.69,NA,138.2751251,138
56,E,Horiminori,Thrum,E-T03,13.95,194.6,4.35,18.92,NA,93.51103638,94
57,E,Horiminori,Thrum,E-T03,19.07,363.66,4.38,19.18,NA,134.437694,134
58,E,Horiminori,Thrum,E-T03,15.64,244.61,12.45,155,NA,238.9709437,239
59,E,Horiminori,Thrum,E-T03,4.19,17.56,2.77,7.67,5,-14.12604157,5
60,E,Horiminori,Thrum,E-T03,17.08,291.73,4.82,23.23,54,127.0062344,54
61,E,Horiminori,Thrum,E-T03,9.96,99.2,4.98,24.8,30,73.85291654,30
62,E,Horiminori,Thrum,E-T03,18.8,353.44,7.98,63.68,77,196.1869351,77
63,D,Horiminori,Pin,D-P01,6.85,46.92,3.65,13.32,26,24.14061855,26
64,D,Horiminori,Pin,D-P01,15.5,240.25,8.95,80.1,NA,185.9585613,186
65,D,Horiminori,Pin,D-P01,7.91,62.57,2.85,8.12,NA,16.7901763,17
66,D,Horiminori,Pin,D-P01,6.21,38.56,3.2,10.24,NA,10.3111453,10
67,D,Horiminori,Pin,D-P01,5.87,34.46,3.7,13.69,NA,17.38284506,17
68,D,Horiminori,Pin,D-P01,5.1,26.01,2.98,8.88,NA,-2.780169682,-3
69,D,Horiminori,Pin,D-P01,1.45,2.1,4.45,19.8,15,-3.131647768,15
70,D,Horiminori,Pin,D-P01,10.48,109.83,2.62,6.86,NA,32.45713344,32
71,D,Horiminori,Pin,D-P01,7.66,58.68,3.53,12.46,NA,28.19536795,28
72,D,Horiminori,Pin,D-P01,9.92,98.41,3.1,9.61,40,37.58569991,40
73,D,Horiminori,Pin,D-P01,7.8,60.84,24.41,595.85,NA,294.9681054,295
74,D,Horiminori,Pin,D-P01,8.7,75.69,20.4,416.16,273,272.8400356,273
75,D,Horiminori,Pin,D-P01,9.62,92.54,4.23,17.89,NA,57.10428493,57
76,D,Horiminori,Pin,D-P01,8.45,71.4,3.31,10.96,NA,30.12600159,30
77,D,Horiminori,Pin,D-P01,7.52,56.55,3.32,11.02,32,22.9931702,32
78,D,Horiminori,Pin,D-P02,3.02,9.12,5.83,33.99,NA,34.6546169,35
79,D,Horiminori,Pin,D-P02,5.36,28.73,2.7,7.29,NA,-6.301901478,-6
80,D,Horiminori,Pin,D-P02,5.8,33.64,3.05,9.3,NA,4.123159835,4
81,D,Horiminori,Pin,D-P02,6.19,38.32,9.81,96.24,100,126.0563524,100
82,D,Horiminori,Pin,D-P02,11.65,135.72,5.22,27.25,48,91.59940856,48
83,D,Horiminori,Pin,D-P02,9.06,82.08,4.46,19.89,NA,57.04278778,57
84,D,Horiminori,Pin,D-P02,13.44,180.63,2.6,6.76,38,55.38715094,38
85,D,Horiminori,Pin,D-P02,3.17,10.05,3.41,11.63,NA,-9.537038102,-10
86,D,Horiminori,Pin,D-P02,11.1,123.21,3.46,11.97,NA,53.9483312,54
87,D,Horiminori,Pin,D-P02,7.85,61.62,28.2,795.24,276,313.4565911,276
88,D,Horiminori,Pin,D-P02,7.09,50.27,12.61,159.01,NA,173.7593282,174
89,D,Horiminori,Pin,D-P02,9.6,92.16,5.01,25.1,NA,71.57033821,72
90,D,Horiminori,Pin,D-P02,8.12,65.93,11.61,134.79,62,167.9559648,62
91,D,Horiminori,Pin,D-P02,10.81,116.86,6.79,46.1,83,113.0152388,83
92,D,Horiminori,Pin,D-P02,4.85,23.52,8.85,78.32,NA,100.4103428,100
93,D,Horiminori,Pin,D-P02,5.77,33.29,23.28,541.96,NA,271.7804215,272
94,D,Horiminori,Pin,D-P02,6.28,39.44,12.62,159.26,NA,167.5111772,168
95,D,Horiminori,Pin,D-P02,10.74,115.35,3.46,11.97,NA,51.11061501,51
96,D,Horiminori,Pin,D-P02,10.88,118.37,4.55,20.7,NA,73.08343453,73
97,D,Horiminori,Pin,D-P02,7.31,53.44,4.16,17.31,NA,37.56161594,38
98,D,Horiminori,Pin,D-P03,13.66,186.6,6.38,40.7,55,128.312516,55
99,D,Horiminori,Pin,D-P03,12.37,153.02,2.39,5.71,41,42.72851393,41
100,D,Horiminori,Pin,D-P03,NA,NA,NA,NA,47,NA,47
101,D,Horiminori,Pin,D-P03,15.39,236.85,3.98,15.84,55,97.81541392,55
102,D,Horiminori,Pin,D-P03,4.38,19.18,23.46,550.37,190,262.0245244,190
103,D,Horiminori,Thrum,D-T01,10.77,115.99,2.7,7.29,NA,36.34266681,36
104,D,Horiminori,Thrum,D-T01,7.78,60.53,24.32,591.46,NA,294.2696482,294
105,D,Horiminori,Thrum,D-T01,10.94,119.68,3.96,15.68,NA,62.35510742,62
106,D,Horiminori,Thrum,D-T01,13.05,170.3,4.13,17.06,NA,82.23617435,82
107,D,Horiminori,Thrum,D-T01,14.36,206.21,5.65,31.92,NA,120.7988537,121
108,D,Horiminori,Thrum,D-T01,7.22,52.13,13.04,170.04,NA,180.5723799,181
109,D,Horiminori,Thrum,D-T01,4.24,17.98,12.07,145.68,NA,143.8569333,144
110,D,Horiminori,Thrum,D-T01,3.75,14.06,5.38,28.94,10,32.25903721,10
111,D,Horiminori,Thrum,D-T01,13.23,175.03,6,36,69,118.1812888,69
112,D,Horiminori,Thrum,D-T01,7.08,50.13,9.21,84.82,58,123.715585,58
113,D,Horiminori,Thrum,D-T01,11.36,129.05,5.96,35.52,55,102.7265248,55
114,D,Horiminori,Thrum,D-T02,8.6,73.96,13.02,169.52,NA,191.1833159,191
115,D,Horiminori,Thrum,D-T02,13.71,187.96,4.43,19.62,NA,93.13181691,93
116,D,Horiminori,Thrum,D-T02,13.69,187.42,6.09,37.09,NA,123.411448,123
117,D,Horiminori,Thrum,D-T02,8.89,79.03,6.07,36.84,NA,85.22125208,85
118,D,Horiminori,Thrum,D-T02,5.37,28.84,9.4,88.36,NA,113.2238375,113
119,D,Horiminori,Thrum,D-T02,16.71,279.22,6.11,37.33,90,147.5739362,90
120,D,Horiminori,Thrum,D-T02,14.37,206.5,4.77,22.75,83,104.712863,83
121,D,Horiminori,Thrum,D-T02,8.17,66.75,21.19,449.02,290,275.2378808,290
122,D,Horiminori,Thrum,D-T03,4.91,24.11,19.73,389.27,NA,237.0730769,237
123,D,Horiminori,Thrum,D-T03,2.22,4.93,3.22,10.37,NA,-20.74756063,-21
124,D,Horiminori,Thrum,D-T03,16.9,285.61,7.16,51.27,NA,167.3929495,167
125,D,Horiminori,Thrum,D-T03,4.74,22.47,4.19,17.56,NA,17.87472508,18
126,D,Horiminori,Thrum,D-T03,15.02,225.6,5.85,34.22,NA,129.6055813,130
127,D,Horiminori,Thrum,D-T03,5.36,28.73,4.78,22.85,21,33.87617877,21
128,D,Horiminori,Thrum,D-T03,13.26,175.83,4.31,18.58,41,87.31256232,41
129,D,Horiminori,Thrum,D-T03,18.27,333.79,3.61,13.03,46,113.3836522,46
130,F,Kitawase,Pin,F-P01,10.51,110.46,3.24,10.5,NA,44.99138567,45
131,F,Kitawase,Pin,F-P01,5.4,29.16,5.43,29.48,NA,46.1775767,46
132,F,Kitawase,Pin,F-P01,5.93,35.16,4.42,19.54,NA,31.61412636,32
133,F,Kitawase,Pin,F-P01,6.79,46.1,5,25,NA,49.23534089,49
134,F,Kitawase,Pin,F-P01,6.16,37.95,3.36,11.29,NA,13.05498367,13
135,F,Kitawase,Pin,F-P01,10.11,102.21,4.39,19.27,NA,63.99835936,64
136,F,Kitawase,Pin,F-P01,15.06,226.8,9.54,91.01,NA,191.7935453,192
137,F,Kitawase,Pin,F-P01,15.39,236.85,7.6,57.76,NA,162.9588531,163
138,F,Kitawase,Pin,F-P01,14.92,222.61,8.47,71.74,NA,173.6516433,174
139,F,Kitawase,Pin,F-P01,14.96,223.8,9.04,81.72,NA,183.13539,183
140,F,Kitawase,Pin,F-P01,19.62,384.94,6.99,48.86,NA,185.9164789,186
141,F,Kitawase,Pin,F-P01,15.07,227.1,7.6,57.76,NA,160.4364387,160
142,F,Kitawase,Pin,F-P01,8.15,66.42,5.12,26.21,42,62.17293112,42
143,F,Kitawase,Pin,F-P01,7.75,60.06,5.3,28.09,43,62.32496132,43
144,F,Kitawase,Pin,F-P01,9.38,87.98,9.3,86.49,117,143.2627295,117
145,F,Kitawase,Pin,F-P01,8.64,74.65,8.39,70.39,106,122.8461237,106
146,F,Kitawase,Pin,F-P01,11.7,136.89,6.03,36.36,74,106.6567986,74
147,F,Kitawase,Pin,F-P01,14.14,199.94,13.75,189.06,262,244.4167883,262
148,F,Kitawase,Thrum,F-T01,7.91,62.57,5.25,27.56,NA,62.67060586,63
149,F,Kitawase,Thrum,F-T01,4.97,24.7,4.43,19.62,NA,24.23837388,24
150,F,Kitawase,Thrum,F-T01,6.82,46.51,4.14,17.14,NA,33.31940989,33
151,F,Kitawase,Thrum,F-T01,NA,NA,NA,NA,12,NA,12
152,F,Kitawase,Thrum,F-T01,11.74,137.83,3.06,9.36,16,51.14341239,16
153,F,Kitawase,Thrum,F-T01,13.48,181.71,4.48,20.07,NA,92.26017319,92
154,F,Kitawase,Thrum,F-T01,8.97,80.46,5.37,28.84,NA,73.220876,73
155,F,Kitawase,Thrum,F-T01,15.93,253.76,4.7,22.09,NA,115.701422,116
156,F,Kitawase,Thrum,F-T01,8.96,80.28,4.24,17.98,NA,52.09007357,52
157,F,Kitawase,Thrum,F-T01,9.11,82.99,5.27,27.77,NA,72.49652936,72
158,F,Kitawase,Thrum,F-T01,12.74,162.31,5.58,31.14,NA,106.7595881,107
159,F,Kitawase,Thrum,F-T01,12.41,154.01,5.37,28.84,NA,100.3368307,100
160,F,Kitawase,Thrum,F-T01,12.11,146.65,5.59,31.25,NA,101.9754084,102
161,F,Kitawase,Thrum,F-T01,13.07,170.82,5.56,30.91,NA,109.0004032,109
162,F,Kitawase,Thrum,F-T01,14.16,200.51,9.17,84.09,NA,178.8901578,179
163,F,Kitawase,Thrum,F-T01,13.84,191.55,5.05,25.5,NA,105.7325127,106
164,F,Kitawase,Thrum,F-T01,12.36,152.77,5.94,35.28,NA,110.2518674,110
165,F,Kitawase,Thrum,F-T01,16.9,285.61,10.96,120.12,NA,227.7693992,228
166,F,Kitawase,Thrum,F-T01,7.75,60.06,3.98,15.84,23,37.59277035,23
167,F,Kitawase,Thrum,F-T01,5.07,25.7,3.74,13.99,10,11.8492166,10
168,F,Kitawase,Thrum,F-T01,9.38,87.98,5.27,27.77,33,74.6248165,33
169,F,Kitawase,Thrum,F-T01,10.66,113.64,4.41,19.45,48,68.71029574,48
170,F,Kitawase,Thrum,F-T01,11.13,123.88,6.58,43.3,56,111.8772541,56
171,F,Kitawase,Thrum,F-T01,NA,NA,NA,NA,36,NA,36
172,F,Kitawase,Thrum,F-T01,9.43,88.92,7.57,57.3,74,115.4753051,74
173,F,Kitawase,Thrum,F-T01,11.43,130.64,5.86,34.34,53,101.4858461,53
174,F,Kitawase,Thrum,F-T01,12.97,168.22,5.48,30.03,63,106.75756,63
175,F,Kitawase,Pin,F-P02,16.79,281.9,7.03,49.42,NA,164.2975025,164
176,F,Kitawase,Pin,F-P02,15.8,249.64,5.52,30.47,NA,129.7924566,130
177,F,Kitawase,Pin,F-P02,11.54,133.17,6.17,38.07,NA,107.8863413,108
178,F,Kitawase,Pin,F-P02,17.55,308,9.94,98.8,NA,217.601642,218
179,F,Kitawase,Pin,F-P02,14.91,222.31,9.18,84.27,NA,184.9613335,185
180,F,Kitawase,Pin,F-P02,14.36,206.21,5.47,29.92,NA,117.532474,118
181,F,Kitawase,Pin,F-P02,16.26,264.39,8.78,77.09,NA,189.2256448,189
182,F,Kitawase,Pin,F-P02,12.79,163.58,8.03,64.48,NA,149.6413985,150
183,F,Kitawase,Pin,F-P02,10.13,102.62,5.22,27.25,NA,79.6179402,80
184,F,Kitawase,Pin,F-P02,12.32,151.78,4.16,17.31,NA,77.05316624,77
185,F,Kitawase,Pin,F-P02,10.62,112.78,6.48,41.99,NA,106.1065901,106
186,F,Kitawase,Pin,F-P02,10.45,109.2,5.12,26.21,NA,80.30278455,80
187,F,Kitawase,Pin,F-P02,15.14,229.22,8.15,66.42,NA,170.1474752,170
188,F,Kitawase,Pin,F-P02,9.27,85.93,6.2,38.44,NA,90.52554545,91
189,F,Kitawase,Pin,F-P02,11.72,137.36,5.83,33.99,NA,103.2327581,103
190,F,Kitawase,Pin,F-P02,13.25,175.56,5.2,27.04,NA,103.844611,104
191,F,Kitawase,Pin,F-P02,12.72,161.8,7.63,58.22,NA,142.416038,142
192,F,Kitawase,Pin,F-P02,12.73,162.05,9.27,85.93,NA,169.1978989,169
193,F,Kitawase,Pin,F-P02,13.15,172.92,6.36,40.45,NA,123.938438,124
194,F,Kitawase,Pin,F-P02,13.26,175.83,7.36,54.17,NA,142.1113915,142
195,F,Kitawase,Pin,F-P02,12.56,157.75,10.69,114.28,NA,189.5747376,190
196,F,Kitawase,Pin,F-P02,9.68,93.7,5.67,32.15,NA,84.26896804,84
197,F,Kitawase,Pin,F-P02,15.08,227.41,4.67,21.81,NA,108.4396762,108
198,F,Kitawase,Pin,F-P02,8.28,68.56,5.05,25.5,NA,61.90556266,62
199,F,Kitawase,Pin,F-P02,5.42,29.38,6.31,39.82,NA,62.12302643,62
200,F,Kitawase,Pin,F-P02,20.18,407.23,5.41,29.27,NA,162.3147218,162
201,F,Kitawase,Pin,F-P02,14.13,199.66,4.95,24.5,NA,106.1679912,106
202,F,Kitawase,Pin,F-P02,14.09,198.53,4.29,18.4,NA,93.478538,93
203,F,Kitawase,Pin,F-P02,11.88,141.13,4.42,19.54,NA,78.51526893,79
204,F,Kitawase,Pin,F-P02,16.13,260.18,5.24,27.46,NA,127.2800796,127
205,F,Kitawase,Pin,F-P02,15.21,231.34,5.89,34.69,NA,131.8208921,132
206,F,Kitawase,Pin,F-P02,18.43,339.66,4.95,24.5,NA,140.0629346,140
207,F,Kitawase,Pin,F-P02,17.33,300.33,5.47,29.92,NA,140.9436325,141
208,F,Kitawase,Pin,F-P02,13.9,193.21,5.81,33.76,NA,120.0562814,120
209,F,Kitawase,Pin,F-P02,14.51,210.54,5.34,28.52,NA,116.341482,116
210,F,Kitawase,Pin,F-P02,18.47,341.14,4.61,21.25,NA,134.0383384,134
211,F,Kitawase,Pin,F-P02,20.35,414.12,6.74,45.43,NA,187.3442683,187
212,F,Kitawase,Pin,F-P02,21.57,465.26,7.19,51.7,NA,204.7176815,205
213,F,Kitawase,Pin,F-P02,10.41,108.37,5.12,26.21,NA,79.98748275,80
214,F,Kitawase,Pin,F-P02,21.82,476.11,5.75,33.06,NA,181.4079855,181
215,F,Kitawase,Pin,F-P02,13.1,171.61,5.75,33.06,NA,112.6721934,113
216,F,Kitawase,Pin,F-P02,15.1,228.01,5.01,25.1,NA,114.9243355,115
217,F,Kitawase,Pin,F-P02,14.99,224.7,5.49,30.14,NA,122.8621245,123
218,F,Kitawase,Pin,F-P02,12.45,155,4.73,22.37,NA,88.8317481,89
219,F,Kitawase,Pin,F-P02,17.82,317.55,3.65,13.32,NA,110.6121369,111
220,F,Kitawase,Pin,F-P02,13.39,179.29,8.75,76.56,NA,166.1217174,166
221,F,Kitawase,Pin,F-P02,7.27,52.85,1.97,3.88,NA,-6.008097194,-6
222,F,Kitawase,Pin,F-P02,6.05,36.6,1.9,3.61,NA,-17.05868565,-17
223,F,Kitawase,Pin,F-P02,7.57,57.3,6.84,46.79,NA,88.33979779,88
224,F,Kitawase,Pin,F-P02,3.43,11.76,3.91,15.29,12,2.196518857,12
225,F,Kitawase,Pin,F-P02,8.73,76.21,5.83,33.99,48,79.66394868,48
226,F,Kitawase,Pin,F-P02,15.01,225.3,6.41,41.09,90,139.4800882,90
227,F,Kitawase,Pin,F-P02,7.19,51.7,4.74,22.47,28,47.55460751,28
228,F,Kitawase,Pin,F-P02,16.25,264.06,11.18,124.99,207,225.8563831,207
229,F,Kitawase,Pin,F-P02,14.47,209.38,10.82,117.07,229,206.5558627,229
230,F,Kitawase,Pin,F-P02,16.23,263.41,8.15,66.42,74,178.7394493,74
231,F,Kitawase,Pin,F-P02,8.74,76.39,3.53,12.46,38,36.70851652,38
232,F,Kitawase,Pin,F-P02,16.16,261.15,6.38,40.7,100,148.0188784,100
233,F,Kitawase,Pin,F-P02,7.03,49.42,6.56,43.03,36,79.21128437,36
234,F,Kitawase,Pin,F-P02,12.25,150.06,9.45,89.3,112,168.2391923,112
235,F,Kitawase,Pin,F-P02,19.83,393.23,5.87,34.46,116,167.8778251,116
236,F,Kitawase,Pin,F-P02,13.55,183.6,5.63,31.7,82,114.0503451,82
237,F,Kitawase,Pin,F-P02,13.83,191.27,8.99,80.82,100,173.4317792,100
238,F,Kitawase,Pin,F-P02,12.14,147.38,6.44,41.47,60,117.3865431,60
239,F,Kitawase,Pin,F-P02,14.47,209.38,8.64,74.65,104,172.8603725,104
240,F,Kitawase,Pin,F-P02,13.59,184.69,6.3,39.69,72,126.34804,72
241,F,Kitawase,Pin,F-P02,15.68,245.86,10.8,116.64,246,215.7977647,246
242,F,Kitawase,Thrum,F-T02,9.38,87.98,6.34,40.2,91,93.86726341,91
243,F,Kitawase,Thrum,F-T02,10.55,111.3,10.03,100.6,167,163.7992275,167
244,F,Kitawase,Thrum,F-T02,14.33,205.35,11.13,123.88,NA,209.9932316,210
245,F,Kitawase,Thrum,F-T02,13.73,188.51,10.49,110.04,100,195.8182071,100
246,F,Kitawase,Thrum,F-T02,13.37,178.76,9.51,90.44,185,178.0039104,185
247,F,Kitawase,Thrum,F-T02,16.16,261.15,10.21,104.24,NA,210.7582158,211
248,F,Kitawase,Thrum,F-T02,10.54,111.09,10.66,113.64,NA,173.2064195,173
249,F,Kitawase,Thrum,F-T02,10.28,105.68,9.02,81.36,NA,145.9265455,146
250,F,Kitawase,Thrum,F-T02,12.58,158.26,8.88,78.85,NA,161.8234387,162
251,F,Kitawase,Thrum,F-T02,16.56,274.23,13.69,187.42,NA,262.717398,263
252,F,Kitawase,Thrum,F-T02,10.8,116.64,9.94,98.8,NA,164.3944635,164
253,F,Kitawase,Thrum,F-T02,8.89,79.03,8.16,66.59,NA,121.0440585,121
254,F,Kitawase,Thrum,F-T02,9.89,97.81,5.73,32.83,99,87.00879924,99
255,F,Kitawase,Thrum,F-T02,6.02,36.24,6.85,46.92,NA,76.29723192,76
256,F,Kitawase,Thrum,F-T02,11.52,132.71,7.35,54.02,NA,128.2268291,128
257,F,Kitawase,Thrum,F-T02,9.94,98.8,8.32,69.22,125,131.9495619,125
258,F,Kitawase,Thrum,F-T02,13.4,179.56,8.76,76.74,NA,166.3598099,166
259,F,Kitawase,Thrum,F-T02,13.26,175.83,9.17,84.09,NA,171.7958673,172
260,F,Kitawase,Thrum,F-T02,4.2,17.64,4.77,22.75,16,24.54738065,16
261,F,Kitawase,Thrum,F-T02,13.43,180.36,7.52,56.55,NA,146.1608145,146
262,F,Kitawase,Thrum,F-T02,8.53,72.76,6.86,47.06,NA,96.25457627,96
263,F,Kitawase,Thrum,F-T02,14.43,208.22,8.66,75,NA,172.8668271,173
264,F,Kitawase,Thrum,F-T02,9.66,93.32,7.74,59.91,NA,120.140836,120
265,F,Kitawase,Thrum,F-T02,9.8,96.04,6.59,43.43,NA,101.5688481,102
266,F,Kitawase,Thrum,F-T02,3.01,9.06,3.72,13.84,NA,-4.7750298,-5
267,F,Kitawase,Thrum,F-T02,9.82,96.43,6.86,47.06,NA,106.4230593,106
268,F,Kitawase,Thrum,F-T02,11.31,127.92,5.78,33.41,NA,99.1014639,99
269,F,Kitawase,Thrum,F-T02,7.33,53.73,7.4,54.76,NA,96.0468586,96
270,F,Kitawase,Thrum,F-T02,7.62,58.06,6.7,44.89,NA,86.30440021,86
271,F,Kitawase,Thrum,F-T02,10.96,120.12,5.58,31.14,NA,92.7286581,93
272,F,Kitawase,Thrum,F-T02,12.93,167.18,6.94,48.16,NA,132.3214707,132
273,F,Kitawase,Thrum,F-T02,12.73,162.05,9.1,82.81,NA,166.5096943,167
274,F,Kitawase,Thrum,F-T02,12.95,167.7,8.95,80.1,NA,165.8580717,166
275,F,Kitawase,Thrum,F-T02,8.9,79.21,6.42,41.22,NA,91.4931173,91
276,F,Kitawase,Thrum,F-T02,13.53,183.06,8.67,75.17,NA,165.9350259,166
277,F,Kitawase,Thrum,F-T02,4.52,20.43,5.84,34.11,NA,46.65703557,47
278,F,Kitawase,Thrum,F-T02,7.84,61.47,7.17,51.41,NA,96.1492485,96
279,F,Kitawase,Thrum,F-T02,11.01,121.22,8.26,68.23,NA,139.3992817,139
280,F,Kitawase,Thrum,F-T02,9.55,91.2,6.91,47.75,NA,105.1587769,105
281,F,Kitawase,Thrum,F-T02,10.51,110.46,6.79,46.1,NA,110.6504753,111
282,F,Kitawase,Thrum,F-T02,6.7,44.89,7.2,51.84,27,87.67639428,27
283,F,Kitawase,Thrum,F-T02,13.37,178.76,5.91,34.93,87,117.6742118,87
284,F,Kitawase,Thrum,F-T02,5.46,29.81,4.89,23.91,33,36.71282823,33
285,F,Kitawase,Thrum,F-T02,8.01,64.16,6.37,40.58,84,83.5975357,84
286,F,Kitawase,Thrum,F-T02,8.54,72.93,7.55,57,86,108.1219719,86
287,F,Kitawase,Thrum,F-T02,9.43,88.92,8.43,71.13,98,129.7039574,98
288,F,Kitawase,Thrum,F-T02,7.41,54.91,4.32,18.66,38,41.39116494,38
289,F,Kitawase,Thrum,F-T02,12.37,153.02,8.11,65.77,91,147.6532011,91
290,F,Kitawase,Thrum,F-T02,15.34,235.32,10.26,105.27,78,205.0489731,78
291,F,Kitawase,Thrum,F-T02,15.56,242.11,7.23,52.27,76,158.0289898,76
292,F,Kitawase,Thrum,F-T03,6.89,47.47,3.87,14.98,NA,28.70093931,29
293,F,Kitawase,Thrum,F-T03,13.97,195.16,5.11,26.11,NA,107.8642969,108
294,F,Kitawase,Thrum,F-T03,5.42,29.38,5.89,34.69,NA,54.65077684,55
295,F,Kitawase,Thrum,F-T03,4.04,16.32,3.94,15.52,NA,7.582565739,8
296,F,Kitawase,Thrum,F-T03,5.4,29.16,5.06,25.6,NA,39.3888791,39
297,F,Kitawase,Thrum,F-T03,9.29,86.3,3.98,15.84,NA,49.7318896,50
298,F,Kitawase,Thrum,F-T03,8.53,72.76,5.26,27.67,NA,67.73960732,68
299,F,Kitawase,Thrum,F-T03,16.47,271.26,5.07,25.7,NA,126.8336979,127
300,F,Kitawase,Thrum,F-T03,5.02,25.2,2.8,7.84,NA,-6.986500575,-7
301,F,Kitawase,Thrum,F-T03,9.44,89.11,4.07,16.56,NA,52.63768759,53
302,F,Kitawase,Thrum,F-T03,15.94,254.08,8.1,65.61,NA,175.6281749,176
303,F,Kitawase,Thrum,F-T03,14.45,208.8,5.44,29.59,NA,117.6964323,118
304,F,Kitawase,Thrum,F-T03,4.25,18.06,3.61,13.03,NA,2.870371742,3
305,F,Kitawase,Thrum,F-T03,12.82,164.45,9.4,88.36,NA,171.9487975,172
306,F,Kitawase,Thrum,F-T03,9.18,84.27,8.43,71.06,NA,127.7558778,128
307,F,Kitawase,Thrum,F-T03,11.09,122.99,10.71,114.7,NA,178.2865963,178
308,F,Kitawase,Thrum,F-T03,8.1,65.61,4.21,17.72,NA,44.74305756,45
309,F,Kitawase,Thrum,F-T03,10.67,113.85,3.63,13.18,NA,53.8625142,54
310,F,Kitawase,Thrum,F-T03,8.99,80.82,3.86,14.9,NA,45.06279305,45
311,F,Kitawase,Thrum,F-T03,15.08,227.41,4.66,21.72,NA,108.2514078,108
312,F,Kitawase,Thrum,F-T03,5.1,26.01,4.06,16.48,NA,18.23595173,18
313,F,Kitawase,Thrum,F-T03,4.54,20.61,3.62,13.1,NA,5.351022847,5
314,F,Kitawase,Thrum,F-T03,7.55,57,3.02,9.12,NA,17.32380723,17
315,F,Kitawase,Thrum,F-T03,2.75,7.56,2.91,8.47,NA,-22.69292077,-23
316,F,Kitawase,Thrum,F-T03,9.49,90.06,3.08,9.49,NA,33.80033471,34
317,F,Kitawase,Thrum,F-T03,2.62,6.86,2.12,4.49,8,-39.59945105,8
318,F,Kitawase,Thrum,F-T03,8.84,78.15,3.94,15.52,30,45.41878159,30
319,F,Kitawase,Thrum,F-T03,5.26,27.67,3.7,13.69,18,12.57449262,18
320,F,Kitawase,Thrum,F-T03,19.27,371.33,4.61,21.25,75,140.3443744,75
321,F,Kitawase,Thrum,F-T03,6.2,38.44,5.28,27.88,38,49.74014708,38
322,F,Kitawase,Thrum,F-T03,7.61,57.91,3.2,10.24,30,21.34670826,30
323,F,Kitawase,Thrum,F-T03,11.87,140.9,5.39,29.1,75,96.4310141,75
324,F,Kitawase,Thrum,F-T03,17.04,290.36,NA,NA,40,NA,40
325,F,Kitawase,Thrum,F-T03,8.65,74.82,7.65,58.52,98,110.6719481,98
326,F,Kitawase,Thrum,F-T03,6.61,43.69,5.34,28.52,30,54.06937675,30
327,F,Kitawase,Thrum,F-T03,11.64,135.49,14.81,219.34,250,237.9836722,250
328,F,Kitawase,Pin,F-P03,8.39,70.39,4.1,16.81,NA,44.93226508,45
329,F,Kitawase,Pin,F-P03,18.43,339.66,4.15,17.22,NA,125.0272477,125
330,F,Kitawase,Pin,F-P03,27.78,771.73,4.94,24.4,NA,213.5796841,214
331,F,Kitawase,Pin,F-P03,14.91,222.31,4.7,22.09,NA,107.6612261,108
332,F,Kitawase,Pin,F-P03,13.63,185.78,7.09,50.27,NA,140.4183768,140
333,F,Kitawase,Pin,F-P03,18.2,331.24,3.48,12.11,NA,110.3038266,110
334,F,Kitawase,Pin,F-P03,17.13,293.44,4.66,21.72,NA,124.410625,124
335,F,Kitawase,Pin,F-P03,21.09,444.79,4.22,17.81,NA,147.325585,147
336,F,Kitawase,Pin,F-P03,16.42,269.62,4.27,18.23,NA,111.4651088,111
337,F,Kitawase,Pin,F-P03,23.93,572.64,4.05,16.4,NA,166.4727828,166
338,F,Kitawase,Pin,F-P03,14.61,213.45,5.68,32.26,NA,123.3117383,123
339,F,Kitawase,Pin,F-P03,27.05,731.7,4.54,20.61,NA,200.3559184,200
340,F,Kitawase,Pin,F-P03,18.36,337.09,10.31,106.3,NA,229.608703,230
341,F,Kitawase,Pin,F-P03,34.56,1194.39,4.56,20.79,NA,259.9303677,260
342,F,Kitawase,Pin,F-P03,20.9,436.81,4.56,20.79,NA,152.2548034,152
343,F,Kitawase,Pin,F-P03,18.18,330.51,3.96,15.68,NA,119.424733,119
344,F,Kitawase,Pin,F-P03,13.09,171.35,11.23,126.11,NA,201.6729838,202
345,F,Kitawase,Pin,F-P03,14.88,221.41,4.19,17.56,NA,97.80373107,98
346,F,Kitawase,Pin,F-P03,15.12,228.61,6.97,48.58,NA,150.1007136,150
347,F,Kitawase,Pin,F-P03,22.05,486.2,4.69,22,NA,163.7543289,164
348,F,Kitawase,Pin,F-P03,4.28,18.32,4.03,16.24,19,11.19779277,19
349,F,Kitawase,Pin,F-P03,15.77,248.69,4.02,16.16,55,101.5767438,55
350,F,Kitawase,Pin,F-P03,NA,NA,NA,NA,66,NA,66
351,F,Kitawase,Pin,F-P03,17.19,295.5,5,25,69,131.2138086,69
352,F,Kitawase,Pin,F-P03,20.63,425.6,5.15,26.52,90,161.0990078,90
353,F,Kitawase,Pin,F-P03,19.43,377.52,4.82,23.23,75,145.530215,75
354,F,Kitawase,Pin,F-P03,28.67,821.97,NA,NA,117,NA,117
355,F,Kitawase,Pin,F-P03,12.49,156,5.76,33.18,79,108.0424422,79
356,F,Kitawase,Pin,F-P03,15.93,253.76,9.72,94.48,199,201.4440507,199
357,A,Kitawase,Pin,A-P01,5.8,33.64,6.04,36.48,NA,60.32838449,60
358,A,Kitawase,Pin,A-P01,4.83,23.33,4.9,24.01,NA,31.93187085,32
359,A,Kitawase,Pin,A-P01,8.31,69.06,5.51,30.36,NA,70.57037122,71
360,A,Kitawase,Pin,A-P01,10.78,116.21,5.46,29.81,NA,89.13113938,89
361,A,Kitawase,Pin,A-P01,13.15,172.92,4.69,22,NA,93.59967865,94
362,A,Kitawase,Pin,A-P01,6.12,37.45,3.71,13.76,NA,19.54819436,20
363,A,Kitawase,Pin,A-P01,14.79,218.74,5.23,27.35,NA,116.5356457,117
364,A,Kitawase,Pin,A-P01,11.3,127.69,4.61,21.25,NA,77.52049099,78
365,A,Kitawase,Pin,A-P01,12.86,165.38,3.94,15.52,NA,77.10661237,77
366,A,Kitawase,Pin,A-P01,12.66,160.28,5.3,28.09,NA,101.0282571,101
367,A,Kitawase,Pin,A-P01,12.71,161.54,6.1,37.21,NA,115.8651551,116
368,A,Kitawase,Pin,A-P01,15.09,227.71,4.94,24.4,NA,113.5501884,114
369,A,Kitawase,Pin,A-P01,19.95,398,4.92,24.21,NA,151.4860427,151
370,A,Kitawase,Pin,A-P01,12.72,161.8,8,64,NA,148.5924852,149
371,A,Kitawase,Pin,A-P01,12.89,166.15,6.54,42.77,NA,125.0522402,125
372,A,Kitawase,Pin,A-P01,9.9,98.01,6.93,48.02,NA,108.2652029,108
373,A,Kitawase,Pin,A-P01,11.49,132.02,7.74,59.91,NA,134.5658933,135
374,A,Kitawase,Pin,A-P01,14.24,202.78,8.01,64.16,NA,160.7396653,161
375,A,Kitawase,Pin,A-P01,13.08,171.09,8.41,70.73,NA,158.1696021,158
376,A,Kitawase,Pin,A-P01,13.37,178.76,10.61,112.57,NA,194.7724671,195
377,A,Kitawase,Pin,A-P01,12.9,166.41,11.61,134.79,NA,205.6345298,206
378,A,Kitawase,Pin,A-P01,8.23,67.73,4.79,22.94,39,56.68735116,39
379,A,Kitawase,Pin,A-P01,6.75,45.56,4.98,24.8,39,48.54994719,39
380,A,Kitawase,Pin,A-P01,9.68,93.7,4.66,21.72,25,65.68566501,25
381,A,Kitawase,Pin,A-P01,9.75,95.06,5.18,26.83,43,75.88883404,43
382,A,Kitawase,Pin,A-P01,12,144,4.54,20.61,59,81.72361657,59
383,A,Kitawase,Pin,A-P01,16.06,257.92,5.09,25.91,77,123.968724,77
384,A,Kitawase,Pin,A-P01,15.01,225.3,8.97,80.46,151,182.4146483,151
385,A,Kitawase,Pin,A-P01,12.92,166.93,7.3,53.29,170,138.4112769,170
386,A,Kitawase,Pin,A-P01,8.2,67.24,7.12,50.69,117,98.13262707,117
387,A,Kitawase,Pin,A-P01,9.84,96.83,8.25,68.06,98,130.0142147,98
388,A,Kitawase,Pin,A-P02,12.76,162.82,4.32,18.66,NA,83.56278053,84
389,A,Kitawase,Pin,A-P02,12.81,164.1,5.89,34.69,NA,112.9027842,113
390,A,Kitawase,Pin,A-P02,8.76,76.74,4.32,18.66,NA,52.03260065,52
391,A,Kitawase,Pin,A-P02,9.19,84.46,5.17,26.73,NA,71.28956291,71
392,A,Kitawase,Pin,A-P02,11.84,140.19,5.16,26.63,NA,91.99326113,92
393,A,Kitawase,Pin,A-P02,12.57,158,6.8,46.24,NA,127.0606744,127
394,A,Kitawase,Pin,A-P02,13.01,169.26,6.34,40.2,NA,122.4809016,122
395,A,Kitawase,Pin,A-P02,11.82,139.71,6.23,38.81,NA,111.1586164,111
396,A,Kitawase,Pin,A-P02,12.73,162.05,6.24,38.94,NA,118.5071112,119
397,A,Kitawase,Pin,A-P02,12.65,160.02,4.56,20.79,NA,87.22380745,87
398,A,Kitawase,Pin,A-P02,13.53,183.06,5.34,28.52,NA,108.6165879,109
399,A,Kitawase,Pin,A-P02,13.96,194.88,5.87,34.46,NA,121.6072861,122
400,A,Kitawase,Pin,A-P02,15.84,250.91,5.58,31.14,NA,131.1954776,131
401,A,Kitawase,Pin,A-P02,10.54,111.09,6.04,36.48,NA,97.69164765,98
402,A,Kitawase,Pin,A-P02,7.15,51.12,4.53,20.52,43,43.30500515,43
403,A,Kitawase,Pin,A-P02,10.18,103.63,3.63,13.18,40,50.00006717,40
404,A,Kitawase,Pin,A-P02,14.08,198.25,4.49,20.16,87,97.17796849,87
405,A,Kitawase,Pin,A-P02,15.42,237.78,5.53,30.58,73,126.9789131,73
406,A,Kitawase,Pin,A-P02,7.39,54.61,3.99,15.92,40,34.94654486,40
407,A,Kitawase,Pin,A-P02,12.52,156.75,6.2,38.44,151,116.1438166,151
408,A,Kitawase,Pin,A-P02,14.59,212.87,9.13,83.36,249,181.6458065,249
409,A,Kitawase,Pin,A-P03,4.53,20.52,2.84,8.07,NA,-10.0539835,-10
410,A,Kitawase,Pin,A-P03,6.12,37.45,4.21,17.72,NA,29.13561852,29
411,A,Kitawase,Pin,A-P03,13.46,181.17,4.36,19.01,NA,89.83685767,90
412,A,Kitawase,Pin,A-P03,12.64,159.77,4.65,21.62,NA,88.83295217,89
413,A,Kitawase,Pin,A-P03,13.14,172.66,4.1,16.81,NA,82.37435369,82
414,A,Kitawase,Pin,A-P03,4.83,23.33,4.4,19.36,NA,22.56679024,23
415,A,Kitawase,Pin,A-P03,10.21,104.24,5.28,27.88,NA,81.34915241,81
416,A,Kitawase,Pin,A-P03,12.15,147.62,4.46,19.89,NA,81.39985173,81
417,A,Kitawase,Pin,A-P03,13.22,174.77,4.21,17.72,NA,85.10168781,85
418,A,Kitawase,Pin,A-P03,13.3,176.89,5.23,27.35,NA,104.7906537,105
419,A,Kitawase,Pin,A-P03,16.49,271.92,5.53,30.58,NA,135.4132362,135
420,A,Kitawase,Pin,A-P03,15.02,225.6,5.89,34.69,NA,130.3232086,130
421,A,Kitawase,Pin,A-P03,9.62,92.54,5.84,34.11,NA,86.85801491,87
422,A,Kitawase,Pin,A-P03,10.03,100.6,8.23,67.73,NA,131.1836972,131
423,A,Kitawase,Pin,A-P03,14.62,213.74,9.83,96.63,NA,192.8150734,193
424,A,Kitawase,Pin,A-P03,9.73,94.67,7.09,50.27,NA,109.6764515,110
425,A,Kitawase,Pin,A-P03,12.58,158.26,4.56,20.79,NA,86.6720293,87
426,A,Kitawase,Pin,A-P03,11.93,142.32,4.44,19.71,NA,79.28915519,79
427,A,Kitawase,Pin,A-P03,13.37,178.76,5.1,26.01,NA,102.949724,103
428,A,Kitawase,Pin,A-P03,12.4,153.76,8,64,NA,146.0700708,146
429,A,Kitawase,Pin,A-P03,10.55,111.3,4.17,17.39,NA,63.29255233,63
430,A,Kitawase,Pin,A-P03,10.94,119.68,5.67,32.15,NA,94.2009747,94
431,A,Kitawase,Pin,A-P03,12.08,145.93,8.99,80.82,240,159.6373255,240
432,A,Kitawase,Pin,A-P03,8.53,72.76,8.37,70.06,83,121.6508426,83
433,A,Kitawase,Pin,A-P03,NA,NA,NA,NA,77,NA,77
434,A,Kitawase,Pin,A-P03,14.34,205.64,4.65,21.62,79,102.2332786,79
435,A,Kitawase,Pin,A-P03,14.44,208.51,5.08,25.81,82,111.0139552,82
436,A,Kitawase,Pin,A-P03,12.91,166.67,5.11,26.11,57,99.50879922,57
437,A,Kitawase,Pin,A-P03,16.46,270.93,5.69,32.38,54,138.0730477,54
438,A,Kitawase,Pin,A-P03,12.79,163.58,4.28,18.32,46,83.03973884,46
439,A,Kitawase,Pin,A-P03,9.53,90.82,4.96,24.6,53,70.0933303,53
440,A,Kitawase,Pin,A-P03,10.02,100.4,5.26,27.67,38,79.48459933,38
441,A,Kitawase,Pin,A-P03,9.42,88.74,4.93,24.3,46,68.67111249,46
442,A,Kitawase,Thrum,A-T01,9.41,88.55,7.29,53.14,NA,110.5746099,111
443,A,Kitawase,Thrum,A-T01,6.58,43.3,6.31,39.82,NA,71.2667786,71
444,A,Kitawase,Thrum,A-T01,10.75,115.56,7.27,52.85,NA,120.7961296,121
445,A,Kitawase,Thrum,A-T01,8.72,76.04,5.8,33.64,NA,79.04609722,79
446,A,Kitawase,Thrum,A-T01,10.95,119.9,7.39,54.61,NA,124.4127373,124
447,A,Kitawase,Thrum,A-T01,9.61,92.35,6.78,45.97,NA,103.380806,103
448,A,Kitawase,Thrum,A-T01,12.87,165.64,6.93,48.02,NA,131.6763615,132
449,A,Kitawase,Thrum,A-T01,11.24,126.34,8.24,67.9,NA,140.884066,141
450,A,Kitawase,Thrum,A-T01,14.22,202.21,8.75,76.56,NA,172.6642298,173
451,A,Kitawase,Thrum,A-T01,15.91,253.13,9.46,89.49,NA,197.2453515,197
452,A,Kitawase,Thrum,A-T01,12.69,161.04,6.17,38.07,NA,116.951268,117
453,A,Kitawase,Thrum,A-T01,11.53,132.94,7.07,49.98,NA,123.5239418,124
454,A,Kitawase,Thrum,A-T01,21.69,470.46,10.44,108.99,NA,257.8152657,258
455,A,Kitawase,Thrum,A-T01,5.99,35.88,6.07,36.84,37,62.36187167,37
456,A,Kitawase,Thrum,A-T01,9.56,91.39,6.05,36.6,68,90.14535479,68
457,A,Kitawase,Thrum,A-T01,10.07,101.4,9.42,88.74,144,150.5838881,144
458,A,Kitawase,Thrum,A-T01,17.28,298.6,9.51,90.44,314,208.8246612,314
459,A,Kitawase,Thrum,A-T01,18.72,350.44,9.75,95.06,215,223.9012627,215
460,A,Kitawase,Thrum,A-T01,13.31,177.16,8.77,76.91,289,165.8128702,289
461,A,Kitawase,Thrum,A-T02,16.14,260.5,10.4,108.16,NA,213.4655192,213
462,A,Kitawase,Thrum,A-T02,20.67,427.25,10.12,102.41,NA,244.9427605,245
463,A,Kitawase,Thrum,A-T02,24.92,621.01,9.99,99.8,NA,276.4601097,276
464,A,Kitawase,Thrum,A-T02,20.61,424.77,8.47,71.74,NA,218.5033242,219
465,A,Kitawase,Thrum,A-T02,15.22,231.65,7.36,54.17,NA,157.5611796,158
466,A,Kitawase,Thrum,A-T02,4.5,20.25,5.67,32.15,NA,43.4373851,43
467,A,Kitawase,Thrum,A-T02,3.63,13.18,3.28,10.76,6,-8.455226727,6
468,A,Kitawase,Thrum,A-T02,12.03,144.72,6.64,44.09,NA,120.0205952,120
469,A,Kitawase,Thrum,A-T02,11.12,123.65,6.71,45.02,NA,114.0686864,114
470,A,Kitawase,Thrum,A-T02,26.6,707.56,6.52,42.51,NA,232.7711741,233
471,A,Kitawase,Thrum,A-T02,6.51,42.38,4.61,21.25,NA,39.76310058,40
472,A,Kitawase,Thrum,A-T02,14.35,205.92,5.38,28.94,NA,115.8140139,116
473,A,Kitawase,Thrum,A-T02,15.14,229.22,6.04,36.48,NA,133.9513545,134
474,A,Kitawase,Thrum,A-T02,16.05,257.6,5.67,32.15,NA,134.4807795,134
475,A,Kitawase,Thrum,A-T02,13.02,169.52,4.62,21.34,NA,91.26673666,91
476,A,Kitawase,Thrum,A-T02,13.57,184.14,5.41,29.27,67,110.2110996,67
477,A,Kitawase,Thrum,A-T02,15.77,248.69,7.45,55.5,95,163.423431,95
478,A,Kitawase,Thrum,A-T02,21.76,473.5,6.15,37.82,148,188.0919708,148
479,A,Kitawase,Thrum,A-T02,8.87,78.68,6.3,39.69,44,89.14242774,44
480,A,Kitawase,Thrum,A-T02,12.72,161.8,10.51,110.46,221,188.1560365,221
481,A,Kitawase,Thrum,A-T02,17.67,312.23,12.88,165.89,502,260.805944,502
482,A,Kitawase,Thrum,A-T03,8.98,80.64,6.92,47.89,NA,100.8378827,101
483,A,Kitawase,Thrum,A-T03,7.87,61.94,6.42,41.22,NA,83.37409598,83
484,A,Kitawase,Thrum,A-T03,4.13,17.06,4.91,24.11,NA,26.59913533,27
485,A,Kitawase,Thrum,A-T03,15.77,248.69,5.65,31.92,NA,131.9132421,132
486,A,Kitawase,Thrum,A-T03,10.91,119.03,4.91,24.11,NA,80.04279022,80
487,A,Kitawase,Thrum,A-T03,6.19,38.32,5.04,25.4,NA,45.24599772,45
488,A,Kitawase,Thrum,A-T03,19.6,384.16,6.07,36.84,NA,169.6433087,170
489,A,Kitawase,Thrum,A-T03,18.43,339.66,6.12,37.45,NA,161.3105148,161
490,A,Kitawase,Thrum,A-T03,13.45,180.9,6.67,44.49,NA,131.7367232,132
491,A,Kitawase,Thrum,A-T03,14.43,208.22,6.77,45.83,NA,141.2025162,141
492,A,Kitawase,Thrum,A-T03,12.66,160.28,7.65,58.52,NA,142.2809535,142
493,A,Kitawase,Thrum,A-T03,11.09,122.99,7.99,63.84,NA,135.5782252,136
494,A,Kitawase,Thrum,A-T03,12.93,167.18,10.28,105.68,NA,186.3544618,186
495,A,Kitawase,Thrum,A-T03,16.49,271.92,11.16,124.55,NA,227.4554389,227
496,A,Kitawase,Thrum,A-T03,15.56,242.11,11.32,128.14,270,222.4441556,270
497,A,Kitawase,Thrum,A-T03,17.17,294.81,4.53,20.52,105,122.2881057,105
498,A,Kitawase,Thrum,A-T03,15.36,235.93,6.02,36.24,103,135.328312,103
499,A,Kitawase,Thrum,A-T03,16.59,275.23,6.24,38.94,102,148.9337347,102
500,A,Kitawase,Thrum,A-T03,10.55,111.3,6.16,37.95,43,99.90402053,43
501,A,Kitawase,Thrum,A-T03,5.25,27.56,3.98,15.84,17,17.88640793,17
502,B,Kitawase,Thrum,B-T01,8.43,71.06,4,16,NA,43.33588232,43
503,B,Kitawase,Thrum,B-T01,6.07,36.84,4.48,20.07,NA,33.85051496,34
504,B,Kitawase,Thrum,B-T01,7.79,60.68,5.42,29.38,NA,64.83181322,65
505,B,Kitawase,Thrum,B-T01,11.48,131.79,3.63,13.18,NA,60.24737563,60
506,B,Kitawase,Thrum,B-T01,10.43,108.78,3.32,11.02,NA,45.93137606,46
507,B,Kitawase,Thrum,B-T01,17.28,298.6,5.57,31.02,NA,142.3677411,142
508,B,Kitawase,Thrum,B-T01,10.76,115.78,4.33,18.75,NA,67.98595891,68
509,B,Kitawase,Thrum,B-T01,13.09,171.35,5.73,32.83,NA,112.2329431,112
510,B,Kitawase,Thrum,B-T01,18.74,351.19,5.39,29.05,NA,150.6002099,151
511,B,Kitawase,Thrum,B-T01,10.06,101.2,5.23,27.35,NA,79.25120801,79
512,B,Kitawase,Thrum,B-T01,15.58,242.74,4.21,17.72,NA,103.7044939,104
513,B,Kitawase,Thrum,B-T01,14.14,199.94,4.5,20.25,NA,97.83918951,98
514,B,Kitawase,Thrum,B-T01,13.82,190.99,4.52,20.43,NA,95.69331177,96
515,B,Kitawase,Thrum,B-T01,11.43,130.64,3.79,14.36,NA,62.94932318,63
516,B,Kitawase,Thrum,B-T01,14.29,204.2,4.62,21.34,NA,101.2775688,101
517,B,Kitawase,Thrum,B-T01,15.3,234.09,8.33,69.39,NA,174.3624923,174
518,B,Kitawase,Thrum,B-T01,13.92,193.77,8.08,65.29,NA,159.3740106,159
519,B,Kitawase,Thrum,B-T01,11.6,134.56,6.75,45.56,NA,118.5473787,119
520,B,Kitawase,Thrum,B-T01,8.7,75.69,3.21,10.3,29,30.13661771,29
521,B,Kitawase,Thrum,B-T01,8.83,77.97,3.83,14.67,34,43.2238914,34
522,B,Kitawase,Thrum,B-T01,7.84,61.47,3.86,14.9,43,35.99786634,43
523,B,Kitawase,Thrum,B-T01,8.72,76.04,4.07,16.56,42,46.96225521,42
524,B,Kitawase,Thrum,B-T01,13.53,183.06,4.27,18.23,75,88.6845538,75
525,B,Kitawase,Thrum,B-T01,9.66,93.32,4.83,23.33,87,68.70279664,87
526,B,Kitawase,Thrum,B-T01,13.97,195.16,5.17,26.73,83,108.9681279,83
527,B,Kitawase,Thrum,B-T01,14.05,197.4,6.42,41.22,141,132.0882239,141
528,B,Kitawase,Thrum,B-T02,7.78,60.53,3.29,10.82,NA,24.45527033,24
529,B,Kitawase,Thrum,B-T02,9.97,99.4,3.83,14.67,NA,52.20999267,52
530,B,Kitawase,Thrum,B-T02,14.22,202.21,5.4,29.16,NA,115.1529302,115
531,B,Kitawase,Thrum,B-T02,12.25,150.06,5.15,26.52,NA,95.04328098,95
532,B,Kitawase,Thrum,B-T02,16.85,283.92,4.57,20.88,NA,120.5187646,121
533,B,Kitawase,Thrum,B-T02,14.43,208.22,5.98,35.76,NA,127.2831403,127
534,B,Kitawase,Thrum,B-T02,20.24,409.66,4.49,20.16,NA,145.7344455,146
535,B,Kitawase,Thrum,B-T02,13.83,191.27,7.48,55.95,NA,148.6380961,149
536,B,Kitawase,Thrum,B-T02,9.64,92.93,6.05,36.6,NA,90.77595839,91
537,B,Kitawase,Thrum,B-T02,4.26,18.15,3.08,9.49,NA,-7.425375486,-7
538,B,Kitawase,Thrum,B-T02,6.99,48.86,4.21,17.72,52,35.99343264,52
539,B,Kitawase,Thrum,B-T02,NA,NA,NA,NA,67,NA,67
540,B,Kitawase,Thrum,B-T02,11.52,132.71,7.91,62.57,140,137.6388033,140
541,B,Kitawase,Thrum,B-T03,11.67,136.19,5.14,26.42,NA,90.28635895,90
542,B,Kitawase,Thrum,B-T03,11.78,138.77,3.24,10.5,NA,55.00221778,55
543,B,Kitawase,Thrum,B-T03,8.65,74.82,2.82,7.95,NA,22.0262309,22
544,B,Kitawase,Thrum,B-T03,9.33,87.05,3.61,13.03,NA,42.91370019,43
545,B,Kitawase,Thrum,B-T03,9.04,81.72,5.87,34.46,NA,82.82516484,83
546,B,Kitawase,Thrum,B-T03,14.46,209.09,5.76,33.18,NA,123.5710558,124
547,B,Kitawase,Thrum,B-T03,17.41,303.11,4.58,20.98,NA,125.1180358,125
548,B,Kitawase,Thrum,B-T03,10.68,114.06,3.55,12.6,NA,52.39007988,52
549,B,Kitawase,Thrum,B-T03,9.82,96.43,3.68,13.54,NA,48.13269393,48
550,B,Kitawase,Thrum,B-T03,8.51,72.42,3.62,13.1,NA,36.64472638,37
551,B,Kitawase,Thrum,B-T03,8.82,77.79,3.91,15.29,NA,44.68343624,45
552,B,Kitawase,Thrum,B-T03,9.92,98.41,4.07,16.56,NA,56.42130918,56
553,B,Kitawase,Thrum,B-T03,11.51,132.48,5.08,25.81,NA,87.9180984,88
554,B,Kitawase,Thrum,B-T03,17.46,304.85,5.1,26.01,NA,135.1893329,135
555,B,Kitawase,Thrum,B-T03,10.85,117.72,6.19,38.32,NA,102.8013653,103
556,B,Kitawase,Thrum,B-T03,10.77,115.99,5.48,30.03,NA,89.4159611,89
557,B,Kitawase,Thrum,B-T03,10.19,103.84,5.75,33.06,NA,89.73398753,90
558,B,Kitawase,Thrum,B-T03,8.26,68.23,6.04,36.48,NA,79.71944511,80
559,B,Kitawase,Thrum,B-T03,8.72,76.04,4.25,18.06,31,50.38975348,31
560,B,Kitawase,Thrum,B-T03,5.84,34.11,2.67,7.13,24,-3.118530936,24
561,B,Kitawase,Thrum,B-T03,7.55,57,3.39,11.49,27,24.59908274,27
562,B,Kitawase,Thrum,B-T03,5.11,26.11,2.74,7.51,27,-7.474351244,27
563,B,Kitawase,Thrum,B-T03,9.85,97.02,6.96,48.44,159,108.3875451,159
564,B,Kitawase,Thrum,B-T03,8.43,71.06,7.61,57.91,103,108.2652742,103
565,B,Kitawase,Thrum,B-T03,8.57,73.44,3.26,10.63,75,30.09189693,75
566,B,Kitawase,Thrum,B-T03,10.01,100.2,3.8,14.44,29,51.94760002,29
567,B,Kitawase,Pin,B-P01,10.13,102.62,6.64,44.09,NA,105.0437598,105
568,B,Kitawase,Pin,B-P01,6.98,48.72,3.61,13.03,NA,24.38971951,24
569,B,Kitawase,Pin,B-P01,13.72,188.24,4.61,21.25,NA,96.59624981,97
570,B,Kitawase,Pin,B-P01,11.23,126.11,4.58,20.98,NA,76.40390787,76
571,B,Kitawase,Pin,B-P01,6.47,41.86,4.04,16.32,NA,28.65205695,29
572,B,Kitawase,Pin,B-P01,11.79,139,4.04,16.32,NA,70.58719619,71
573,B,Kitawase,Pin,B-P01,11.58,134.1,5.78,33.41,NA,101.229751,101
574,B,Kitawase,Pin,B-P01,10.68,114.06,4.61,21.25,NA,72.6333131,73
575,B,Kitawase,Pin,B-P01,12.48,155.75,5.27,27.77,NA,99.06070591,99
576,B,Kitawase,Pin,B-P01,15.26,232.87,4.14,17.14,NA,99.84808943,100
577,B,Kitawase,Pin,B-P01,17.42,303.46,5.08,25.81,NA,134.5039392,135
578,B,Kitawase,Pin,B-P01,14.45,208.8,6.71,45.02,NA,140.3175612,140
579,B,Kitawase,Pin,B-P01,16.14,260.5,5.03,25.3,NA,123.4922742,123
580,B,Kitawase,Pin,B-P01,15.9,252.81,6.71,45.02,97,151.7472514,97
581,B,Kitawase,Pin,B-P01,10.87,118.16,3.75,14.06,39,57.76269048,39
582,B,Kitawase,Pin,B-P01,9.89,97.81,5.51,30.36,71,83.02479227,71
583,B,Kitawase,Pin,B-P01,9.42,88.74,3.77,14.21,32,46.71920403,32
584,B,Kitawase,Pin,B-P01,11.64,135.49,4.29,18.4,42,74.16630282,42
585,B,Kitawase,Pin,B-P01,17.09,292.07,5.07,25.7,70,131.7208758,70
586,B,Kitawase,Pin,B-P01,16.34,267,NA,NA,94,NA,94
587,B,Kitawase,Pin,B-P02,12.19,148.6,5.17,26.73,NA,94.93719782,95
588,B,Kitawase,Pin,B-P02,10.63,113,5.96,35.52,NA,96.97226699,97
589,B,Kitawase,Pin,B-P02,3.74,13.99,3.92,15.37,NA,4.831598491,5
590,B,Kitawase,Pin,B-P02,6.27,39.31,3.82,14.59,NA,22.85308559,23
591,B,Kitawase,Pin,B-P02,12.28,150.8,4.85,23.52,NA,89.72837874,90
592,B,Kitawase,Pin,B-P02,10.33,106.71,5.29,27.98,NA,82.48010376,82
593,B,Kitawase,Pin,B-P02,15.52,240.87,6.44,41.47,NA,144.0295451,144
594,B,Kitawase,Pin,B-P02,7.53,56.7,4.98,24.8,NA,54.69833226,55
595,B,Kitawase,Pin,B-P02,12.91,166.67,5.91,34.93,NA,114.0482411,114
596,B,Kitawase,Pin,B-P02,10.65,113.42,4.75,22.56,NA,75.01648143,75
597,B,Kitawase,Pin,B-P02,13.79,190.16,6.86,47.06,NA,137.7167628,138
598,B,Kitawase,Pin,B-P02,9.01,81.18,5.01,25.1,NA,66.91963668,67
599,B,Kitawase,Pin,B-P02,10.83,117.29,4.4,19.36,NA,69.86206006,70
600,B,Kitawase,Pin,B-P02,9.53,90.82,4.22,17.81,NA,56.20336519,56
601,B,Kitawase,Pin,B-P02,8.76,76.74,4.44,19.71,NA,54.30148764,54
602,B,Kitawase,Pin,B-P02,13.38,179.02,6.37,40.58,NA,125.9268022,126
603,B,Kitawase,Pin,B-P02,11.28,127.24,5.91,34.93,NA,101.1996928,101
604,B,Kitawase,Pin,B-P02,9.65,93.12,5.37,28.84,NA,78.58100658,79
605,B,Kitawase,Pin,B-P02,9.76,95.26,4.65,21.62,NA,66.13122266,66
606,B,Kitawase,Pin,B-P02,12.6,158.76,4.27,18.23,NA,81.35378697,81
607,B,Kitawase,Pin,B-P02,13.01,169.26,8.22,67.57,NA,154.5079695,155
608,B,Kitawase,Pin,B-P02,9.54,91.01,5.55,30.8,67,80.99319586,67
609,B,Kitawase,Pin,B-P02,15.37,236.24,8.94,79.92,126,184.7745635,126
610,B,Kitawase,Pin,B-P02,5.27,27.77,2.72,7.4,17,-6.612237287,17
611,B,Kitawase,Pin,B-P02,8.87,78.68,6.72,45.16,133,96.50511673,133
612,B,Kitawase,Pin,B-P02,13.18,173.71,4.73,22.37,68,94.58600593,68
613,B,Kitawase,Pin,B-P02,10.8,116.64,4.18,17.47,44,65.45467927,44
614,B,Kitawase,Pin,B-P02,NA,NA,NA,NA,56,NA,56
615,B,Kitawase,Pin,B-P02,12.8,163.84,4.84,23.43,54,93.6390338,54
616,B,Kitawase,Pin,B-P02,NA,NA,4.6,21.16,75,NA,75
617,B,Kitawase,Pin,B-P02,12.02,144.48,4.37,19.1,77,78.67426124,77
618,B,Kitawase,Pin,B-P03,26.13,682.78,5.28,27.88,NA,206.8392683,207
619,B,Kitawase,Pin,B-P03,27.87,776.74,4.55,20.7,NA,207.0078736,207
620,B,Kitawase,Pin,B-P03,23.03,530.38,4.98,24.8,NA,176.8777793,177
621,B,Kitawase,Pin,B-P03,22.04,485.76,4.36,19.01,NA,157.4690935,157
622,B,Kitawase,Pin,B-P03,16.7,278.89,4.29,18.4,NA,114.0519804,114
623,B,Kitawase,Pin,B-P03,21.4,457.96,6.53,42.64,NA,191.9573191,192
624,B,Kitawase,Pin,B-P03,11.99,143.76,4.34,18.84,NA,77.86975755,78
625,B,Kitawase,Pin,B-P03,9.79,95.84,4.33,18.75,NA,60.33989029,60
626,B,Kitawase,Pin,B-P03,10.09,101.81,5.26,27.67,NA,80.03637748,80
627,B,Kitawase,Pin,B-P03,11.1,123.21,7.28,53,NA,123.7239544,124
628,B,Kitawase,Pin,B-P03,13.45,180.9,8.09,65.45,112,155.8349262,112
629,B,Kitawase,Pin,B-P03,8.66,75,3.04,9.24,31,26.46930301,31
630,B,Kitawase,Pin,B-P03,18.21,331.6,3.28,10.76,65,106.4722789,65
631,B,Kitawase,Pin,B-P03,15.56,242.11,4.96,24.6,78,117.6250765,78
632,B,Kitawase,Pin,B-P03,17.37,301.72,7.61,57.91,149,178.7352262,149
633,C,Horiminori,Pin,C-P01,19.39,375.97,5.98,35.76,NA,166.3805634,166
634,C,Horiminori,Pin,C-P01,18.59,345.59,4.34,18.84,NA,129.8945543,130
635,C,Horiminori,Pin,C-P01,10.75,115.56,7.16,51.27,NA,118.9152979,119
636,C,Horiminori,Pin,C-P01,19.33,373.65,4.9,24.01,NA,146.2287729,146
637,C,Horiminori,Pin,C-P01,12.92,166.93,8.36,69.89,NA,156.0927257,156
638,C,Horiminori,Pin,C-P01,7.53,56.7,4.94,24.4,NA,53.95814845,54
639,C,Horiminori,Pin,C-P01,14.29,204.2,5.02,25.2,NA,108.7245201,109
640,C,Horiminori,Pin,C-P01,8.15,66.42,4.25,18.06,NA,45.89670284,46
641,C,Horiminori,Pin,C-P01,10.73,115.13,3.97,15.76,NA,60.89126367,61
642,C,Horiminori,Pin,C-P01,7.3,53.29,4.04,16.32,NA,35.19456928,35
643,C,Horiminori,Pin,C-P01,9.1,82.81,7.79,60.68,NA,116.5648366,117
644,C,Horiminori,Pin,C-P01,7.55,57,3.68,13.54,NA,30.23931685,30
645,C,Horiminori,Pin,C-P01,6.75,45.56,2.79,7.78,NA,6.452366788,6
646,C,Horiminori,Pin,C-P01,10.18,103.63,6.33,40.07,NA,99.99792054,100
647,C,Horiminori,Pin,C-P01,6.23,38.81,4.35,18.92,94,32.65778921,94
648,C,Horiminori,Pin,C-P01,6.92,47.89,5.21,27.14,73,54.13314727,73
649,C,Horiminori,Pin,C-P01,6.06,36.72,4.5,20.25,51,34.14822616,51
650,C,Horiminori,Pin,C-P01,14.25,203.06,4.58,20.98,82,100.2091937,82
651,C,Horiminori,Pin,C-P01,15.34,235.32,7.8,60.84,19,165.9176289,19
652,C,Horiminori,Pin,C-P01,NA,NA,NA,NA,276,NA,276
653,C,Horiminori,Pin,C-P02,8.82,77.79,3.95,15.6,NA,45.45262139,45
654,C,Horiminori,Pin,C-P02,10.05,101,3.65,13.32,NA,49.36476245,49
655,C,Horiminori,Pin,C-P02,12.78,163.33,3.69,13.62,NA,71.65651773,72
656,C,Horiminori,Pin,C-P02,13.75,189.06,4.28,18.32,NA,90.60698201,91
657,C,Horiminori,Pin,C-P02,17.34,300.68,4.38,19.18,NA,120.8008912,121
658,C,Horiminori,Pin,C-P02,8.95,80.1,5.37,28.84,NA,73.0632251,73
659,C,Horiminori,Pin,C-P02,11.46,131.33,5.78,33.41,NA,100.2838456,100
660,C,Horiminori,Pin,C-P02,13.15,172.92,3.51,12.32,NA,71.0811137,71
661,C,Horiminori,Pin,C-P02,10.84,117.51,3.02,9.12,39,43.25738018,39
662,C,Horiminori,Pin,C-P02,13.09,171.35,4.24,17.98,64,84.6449843,64
663,C,Horiminori,Pin,C-P02,8.01,64.16,5.51,30.36,104,68.20560773,104
664,C,Horiminori,Pin,C-P02,NA,NA,NA,NA,113,NA,113
665,C,Horiminori,Pin,C-P02,14.35,205.92,7.2,51.84,199,147.9778633,199
666,C,Horiminori,Pin,C-P03,13.93,194.04,6.23,38.81,150,127.7907863,150
667,C,Horiminori,Pin,C-P03,NA,NA,NA,NA,153,NA,153
668,C,Horiminori,Pin,C-P03,16.7,278.89,5.27,27.77,84,132.3250457,84
669,C,Horiminori,Pin,C-P03,11.38,129.5,4.55,20.7,57,77.02470701,57
670,C,Horiminori,Pin,C-P03,13.57,184.14,3.89,15.13,67,81.74254346,67
671,C,Horiminori,Pin,C-P03,20.05,402,3.09,9.55,118,117.237945,118
672,C,Horiminori,Pin,C-P03,10.13,102.62,4.47,19.98,69,65.66537922,69
673,C,Horiminori,Pin,C-P03,22.86,522.58,4.85,23.52,NA,173.1257045,173
674,C,Horiminori,Pin,C-P03,9.74,94.87,3.71,13.76,NA,48.08300715,48
675,C,Horiminori,Pin,C-P03,10.28,105.68,4.18,17.47,NA,61.35575588,61
676,C,Horiminori,Pin,C-P03,13.01,169.26,5.42,29.38,NA,105.978698,106
677,C,Horiminori,Pin,C-P03,11.53,132.94,4.4,19.36,NA,75.37984154,75
678,C,Horiminori,Pin,C-P03,11.44,130.87,3.87,14.98,NA,64.56651892,65
679,C,Horiminori,Pin,C-P03,17.44,304.15,4.43,19.62,NA,122.5337097,123
680,C,Horiminori,Pin,C-P03,17.47,305.2,5.5,30.25,NA,142.5926596,143
681,C,Horiminori,Pin,C-P03,22.12,489.29,4.41,19.45,NA,159.0442611,159
682,C,Horiminori,Pin,C-P03,10.99,120.78,6.03,36.36,NA,101.0601917,101
683,C,Horiminori,Pin,C-P03,15.36,235.93,7.28,53,NA,157.303596,157
684,C,Horiminori,Pin,C-P03,12.96,167.96,5.5,30.25,NA,107.0423817,107
685,C,Horiminori,Thrum,C-T01,5.83,33.99,3.33,11.09,NA,9.866382266,10
686,C,Horiminori,Thrum,C-T01,8.56,73.27,6.62,43.82,NA,92.32062885,92
687,C,Horiminori,Thrum,C-T01,9.46,89.49,4.76,22.66,NA,65.82129887,66
688,C,Horiminori,Thrum,C-T01,14.78,218.45,3.67,13.47,NA,87.03540392,87
689,C,Horiminori,Thrum,C-T01,13.68,187.14,6.59,43.43,NA,132.1531226,132
690,C,Horiminori,Thrum,C-T01,10.93,119.46,5.73,32.83,NA,95.20664601,95
691,C,Horiminori,Thrum,C-T01,9.63,92.74,4.35,18.92,NA,59.45844211,59
692,C,Horiminori,Thrum,C-T01,14.56,211.99,5.32,28.3,NA,116.3719621,116
693,C,Horiminori,Thrum,C-T01,8.58,73.62,3.33,11.09,30,31.54338093,30
694,C,Horiminori,Thrum,C-T01,13.68,187.14,6.02,36.24,97,122.0856364,97
695,C,Horiminori,Thrum,C-T01,15.59,243.05,4.12,16.97,73,102.0695703,73
696,C,Horiminori,Thrum,C-T01,12.14,147.38,6.13,37.58,92,111.9046858,92
697,C,Horiminori,Thrum,C-T02,NA,NA,NA,NA,11,NA,11
698,C,Horiminori,Thrum,C-T02,12.51,156.5,4.38,19.18,NA,82.72819896,83
699,C,Horiminori,Thrum,C-T02,18.57,344.84,5.41,29.27,NA,149.6238244,150
700,C,Horiminori,Thrum,C-T02,17.35,301.02,4.78,22.85,NA,128.387893,128
701,C,Horiminori,Thrum,C-T02,13.34,177.96,4.25,18.06,NA,86.80711124,87
702,C,Horiminori,Thrum,C-T02,11.11,123.43,3.6,12.96,NA,56.74991717,57
703,C,Horiminori,Thrum,C-T02,13.55,183.6,4.89,23.91,NA,100.482617,100
704,C,Horiminori,Thrum,C-T02,13.04,170.04,3.55,12.6,NA,70.99288601,71
705,C,Horiminori,Thrum,C-T02,12.84,164.87,3.85,14.82,NA,75.21910049,75
706,C,Horiminori,Thrum,C-T02,10.89,118.59,3.31,10.96,NA,49.35941132,49
707,C,Horiminori,Thrum,C-T02,15.04,226.2,5.03,25.3,NA,114.8214748,115
708,C,Horiminori,Thrum,C-T02,13.57,184.14,4.08,16.65,NA,85.38086664,85
709,C,Horiminori,Thrum,C-T02,12.93,167.18,4.03,16.24,NA,79.38180676,79
710,C,Horiminori,Thrum,C-T02,16.84,283.59,4.14,17.14,NA,112.3025105,112
711,C,Horiminori,Thrum,C-T02,13.05,170.3,3.7,13.69,NA,73.97951794,74
712,C,Horiminori,Thrum,C-T02,14.66,214.92,4.41,19.45,NA,100.2404756,100
713,C,Horiminori,Thrum,C-T02,15.15,229.52,6.62,43.82,NA,144.2666002,144
714,C,Horiminori,Thrum,C-T02,14.53,211.12,5.78,33.41,NA,124.4832587,124
715,C,Horiminori,Thrum,C-T02,13.62,185.5,6.83,46.65,NA,135.8570384,136
716,C,Horiminori,Thrum,C-T02,9.39,88.17,4.28,18.32,41,56.23908595,41
717,C,Horiminori,Thrum,C-T02,10.56,111.51,3.54,12.53,58,51.24946142,58
718,C,Horiminori,Thrum,C-T02,10.49,110.04,4.12,16.97,64,61.86859091,64
719,C,Horiminori,Thrum,C-T02,10.92,119.25,6.94,48.16,144,116.4775553,144
720,C,Horiminori,Thrum,C-T02,16.32,266.34,4.74,22.47,113,119.5222431,113
721,C,Horiminori,Thrum,C-T02,15,225,6.57,43.16,NA,142.2105466,142
722,C,Horiminori,Thrum,C-T03,8.62,74.3,6.17,38.07,NA,84.86930995,85
723,C,Horiminori,Thrum,C-T03,13.23,175.03,4.4,19.36,NA,88.78016799,89
724,C,Horiminori,Thrum,C-T03,16.19,262.12,4.8,23.04,NA,119.6174551,120
725,C,Horiminori,Thrum,C-T03,9.52,90.63,4.19,17.56,NA,55.55329003,56
726,C,Horiminori,Thrum,C-T03,10.44,108.99,3.81,14.52,NA,55.52858505,56
727,C,Horiminori,Thrum,C-T03,6.77,45.83,3.36,11.29,NA,17.8633361,18
728,C,Horiminori,Thrum,C-T03,6.5,42.25,3,9,NA,8.651264143,9
729,C,Horiminori,Thrum,C-T03,17.26,297.91,4.44,19.71,NA,121.3031199,121
730,C,Horiminori,Thrum,C-T03,15.72,247.12,4.29,18.4,NA,106.3270863,106
731,C,Horiminori,Thrum,C-T03,8.26,68.23,4.88,23.81,NA,58.59890819,59
732,C,Horiminori,Thrum,C-T03,12.89,166.15,6.05,36.6,NA,116.3942295,116
733,C,Horiminori,Thrum,C-T03,17.45,304.5,4.62,21.34,NA,126.1864109,126
734,C,Horiminori,Thrum,C-T03,9.93,98.6,5.08,25.81,94,75.46367735,94
735,C,Horiminori,Thrum,C-T03,4.89,23.91,3.08,9.49,26,-2.459372155,26
736,C,Horiminori,Thrum,C-T03,6.96,48.44,3.24,10.5,29,17.00835103,29
737,C,Horiminori,Thrum,C-T03,13.67,186.87,4.74,22.47,68,98.63349891,68
738,C,Horiminori,Thrum,C-T03,14.94,223.2,4.41,19.45,76,102.4475882,76
